"Lã Amigurumi Soft - Vermelho Claro","Lã Amigurumi Soft - Amarelo","Óculos de Natação","Chapéu de Cowboy"
"Barbante Natural 2 - Cru","Lã algodão 4 - Azul Claro","Mini Gorros de Papai Noel",NULL
"Lã Amigurumi Soft - Azul Escuro","Chapéu de Inverno",NULL,NULL
"Lã Amigurumi Soft - Vermelho Claro","Lã Amigurumi Soft - Rosa","Olhos de Gato de Plástico 6mm","Óculos de Mergulho"
"Lã Amigurumi  Pelúcia - Rosa Claro","Boca de Cachorro 12mm",NULL,NULL
"Lã Amigurumi  Pelúcia - Rosa",NULL,NULL,NULL
"Lã Amigurumi  Pelúcia - Rosa Escuro","Óculos de Sol",NULL,NULL
"Barbante 4 - Laranja","Barbante 8 - Branco",NULL,NULL
"Lã Amigurumi Soft - Verde","Lã Amigurumi  Pelúcia - Vermelho","Focinho de Porco 20mm","Chapéu de Sol"
"Lã algodão 4 - Vermelho","Lã algodão 4 - Roxo Claro","Agulha de Crochê 4,0 mm",NULL
"Bolinhas decorativas","Mini Gorros de Papai Noel",NULL,NULL
"Lã Amigurumi Soft - Amarelo Escuro","Lã Amigurumi Soft - Branco",NULL,NULL
"Lã algodão 4 - Verde Escuro","Agulha de Crochê 4,0 mm",NULL,NULL
"Lã Amigurumi  Pelúcia - Azul Escuro","Boca de Sorriso 15mm","Boca de Cachorro 12mm",NULL
"Barbante Natural 6 - Roxo Claro","Lã Amigurumi  Brilho - Azul Claro",NULL,NULL
"Barbante 6 - Rosa Claro","Lã algodão 6 - Rosa Claro","Mini Gorros de Papai Noel",NULL
"Lã Amigurumi  Pelúcia - Amarelo Escuro","Boca de Cachorro 12mm",NULL,NULL
"Lã algodão 4 - Marrom","Lã algodão 8 - Azul Escuro","Agulha de Crochê 4,0 mm",NULL
"Barbante 2 - Vermelho Escuro","Lã algodão 2 - Amarelo","Bolinhas decorativas",NULL
"Barbante Natural 4 - Amarelo Claro","Lã algodão 2 - Azul","Botas de Natal",NULL
"Lã Amigurumi  Pelúcia - Amarelo Escuro","Focinho de Cachorro 12mm","Óculos de Mergulho",NULL
"Lã Amigurumi Soft - Vermelho Claro","Lã Amigurumi Soft - Verde","Óculos de Sol","Óculos de Esportes"
"Barbante 4 - Preto","Lã algodão 4 - Roxo",NULL,NULL
"Barbante Natural 4 - Rosa Escuro","Bolinhas decorativas",NULL,NULL
"Lã Amigurumi Soft - Vermelho Escuro","Lã Amigurumi Soft - Cinza","Boca de Sorriso 15mm",NULL
"Barbante 2 - Branco",NULL,NULL,NULL
"Barbante Natural 8 - Cinza","Botas de Natal",NULL,NULL
"Barbante Natural 4 - Branco","Lã Amigurumi  - Roxo Escuro","Mini Gorros de Papai Noel",NULL
"Barbante Natural 8 - Vermelho","Bolinhas decorativas",NULL,NULL
"Lã Amigurumi  Pelúcia - Vermelho Escuro","Lã Amigurumi  Pelúcia - Amarelo","Focinho de Cachorro 12mm","Óculos de Segurança"
"Lã Amigurumi Soft - Vermelho Escuro","Lã Amigurumi Soft - Marrom","Óculos de Sol",NULL
"Lã Amigurumi Soft - Azul","Lã Amigurumi  Pelúcia - Roxo Escuro","Boca de Cachorro 12mm",NULL
"Lã algodão 2 - Laranja","Lã Amigurumi Soft - Marrom","Mini Gorros de Papai Noel",NULL
"Lã algodão 2 - Rosa Claro","Lã Amigurumi  Pelúcia - Cinza Escuro","Guirlandas",NULL
"Barbante 4 - Cinza Escuro","Agulha de Crochê 4,0 mm",NULL,NULL
"Lã algodão 8 - Marrom","Agulha de Crochê 4,0 mm",NULL,NULL
"Lã Amigurumi Soft - Amarelo Claro","Boca de Cachorro 12mm",NULL,NULL
"Barbante 8 - Verde Escuro","Agulha de Crochê 4,0 mm",NULL,NULL
"Lã Amigurumi Soft - Azul Claro","Lã Amigurumi Soft - Rosa Claro","Olhos de Cachorro de Pelúcia 10mm","Boca de Boneca 12mm"
"Lã Amigurumi  Pelúcia - Vermelho","Lã Amigurumi  Pelúcia - Amarelo Claro","Boca de Gato 10mm",NULL
"Lã Amigurumi  Pelúcia - Branco",NULL,NULL,NULL
"Barbante 2 - Rosa Escuro","Lã algodão 6 - Marrom","Botas de Natal",NULL
"Lã Amigurumi  Pelúcia - Amarelo Claro","Olhos de Gato de Plástico 6mm","Boca de Gato 10mm",NULL
"Lã Amigurumi  Pelúcia - Laranja","Lã Amigurumi  Pelúcia - Rosa","Olhos de Cachorro de Pelúcia 12mm","Olhos de Gato de Plástico 6mm"
"Agulha de Crochê Tunisiano 3,5 mm",NULL,NULL,NULL
"Botão Pequeno Colorido",NULL,NULL,NULL
"Barbante Natural 4 - Amarelo Escuro","Lã Amigurumi Soft - Azul","Pequenas Caixas de Presente",NULL
"Lã algodão 8 - Cinza Claro","Guirlandas",NULL,NULL
"Lã Amigurumi  Pelúcia - Vermelho Claro","Lã Amigurumi  Pelúcia - Amarelo Escuro","Olhos de Cachorro de Pelúcia 12mm","Boca de Cachorro 12mm"
"Lã Amigurumi Soft - Amarelo Claro","Focinho de Porco 18mm",NULL,NULL
"Lã Amigurumi  Pelúcia - Vermelho Claro",NULL,NULL,NULL
"Lã algodão 4 - Vermelho Escuro","Lã algodão 4 - Branco",NULL,NULL
"Lã Amigurumi Soft - Vermelho","Lã Amigurumi Soft - Cinza","Boca de Cachorro 12mm",NULL
"Barbante 2 - Cinza Escuro","Mini Árvores de Natal",NULL,NULL
"Lã Amigurumi Soft - Roxo Escuro","Lã Amigurumi  Pelúcia - Preto","Focinho de Gato 8mm","Óculos de Esportes"
"Mini Árvores de Natal","Guirlandas",NULL,NULL
"Barbante 8 - Amarelo Escuro","Lã algodão 8 - Rosa Claro","Mini Árvores de Natal",NULL
"Barbante 8 - Amarelo Escuro","Lã algodão 4 - Amarelo","Agulha de Crochê 4,0 mm",NULL
"Bolinhas decorativas","Mini Gorros de Papai Noel",NULL,NULL
"Lã Amigurumi Soft - Roxo Escuro","Lã Amigurumi  Pelúcia - Branco","Focinho de Gato 10mm","Focinho de Cachorro 12mm"
"Agulha de Crochê 3,5 mm","Agulha de Crochê 10,0 mm",NULL,NULL
"Barbante Natural 2 - Rosa","Lã Amigurumi  Brilho - Laranja","Mini Árvores de Natal",NULL
"Lã Amigurumi Soft - Cinza Claro","Lã Amigurumi  Pelúcia - Laranja Escuro","Focinho de Porco 18mm",NULL
"Lã Amigurumi Soft - Azul Escuro","Lã Amigurumi  Pelúcia - Verde Claro",NULL,NULL
"Lã algodão 4 - Verde Escuro","Lã algodão 4 - Roxo Escuro","Agulha de Crochê 4,0 mm",NULL
"Lã Amigurumi Soft - Laranja Claro","Focinho de Gato 8mm","Óculos de Esportes",NULL
"Barbante Natural 6 - Laranja Escuro","Bolinhas decorativas",NULL,NULL
"Marcador de pontos","Botão Pequeno Metálico",NULL,NULL
"Botão Pequeno Dourado",NULL,NULL,NULL
"Lã algodão 4 - Azul","Lã algodão 8 - Verde Escuro","Agulha de Crochê 4,0 mm",NULL
"Lã algodão 8 - Azul Claro","Botas de Natal",NULL,NULL
"Barbante 4 - Azul Claro","Botas de Natal",NULL,NULL
"Barbante 8 - Azul Escuro","Lã algodão 4 - Roxo Claro","Agulha de Crochê 4,0 mm",NULL
"Lã Amigurumi Soft - Cinza Claro","Lã Amigurumi  Pelúcia - Laranja Claro","Olhos de Cachorro de Botão 6mm","Boca de Sorriso 20mm"
"Lã Amigurumi Soft - Laranja","Focinho de Cachorro 10mm",NULL,NULL
"Lã Amigurumi  Pelúcia - Rosa Claro","Focinho de Cachorro 10mm","Boca de Sorriso 20mm",NULL
"Lã Amigurumi Soft - Vermelho Claro","Lã Amigurumi  Pelúcia - Amarelo","Óculos de Natação",NULL
"Lã algodão 8 - Branco","Agulha de Crochê 4,0 mm",NULL,NULL
"Barbante Natural 8 - Cinza Escuro","Lã Amigurumi  Brilho - Amarelo","Guirlandas",NULL
"Lã algodão 2 - Amarelo Claro","Lã Amigurumi  - Rosa Escuro","Pequenas Caixas de Presente",NULL
"Lã Amigurumi Soft - Preto","Lã Amigurumi Soft - Cinza Escuro","Olhos de Gato de Plástico 8mm",NULL
"Botão Pequeno Rosa",NULL,NULL,NULL
"Lã Amigurumi Soft - Vermelho Claro","Lã Amigurumi  Pelúcia - Laranja Escuro","Olhos de Cachorro de Botão 8mm","Focinho de Porco 20mm"
"Guirlandas","Botas de Natal",NULL,NULL
"Mini Gorros de Papai Noel","Pequenas Caixas de Presente",NULL,NULL
"Bolinhas decorativas",NULL,NULL,NULL
"Lã algodão 4 - Azul","Agulha de Crochê 4,0 mm",NULL,NULL
"Lã Amigurumi Soft - Roxo Claro","Lã Amigurumi Soft - Preto","Olhos de Cachorro de Botão 8mm",NULL
"Guirlandas","Botas de Natal",NULL,NULL
"Lã Amigurumi Soft - Branco",NULL,NULL,NULL
"Lã algodão 4 - Verde Escuro","Lã algodão 4 - Rosa Escuro","Agulha de Crochê 4,0 mm",NULL
"Lã Amigurumi  Pelúcia - Azul Claro","Lã Amigurumi  Pelúcia - Verde","Olhos de Cachorro de Pelúcia 10mm","Olhos de Gato de Plástico 8mm"
"Lã Amigurumi  - Roxo Claro",NULL,NULL,NULL
"Lã Amigurumi Soft - Laranja Escuro","Focinho de Porco 18mm","Óculos de Leitura",NULL
"Lã Amigurumi  - Rosa Escuro","Mini Gorros de Papai Noel",NULL,NULL
"Lã Amigurumi Soft - Vermelho","Lã Amigurumi  Pelúcia - Verde","Focinho de Porco 18mm",NULL
"Lã Amigurumi Soft - Vermelho Claro","Chapéu de Palha",NULL,NULL
"Barbante Natural 2 - Verde Claro","Lã algodão 6 - Rosa","Bolinhas decorativas",NULL
"Lã Amigurumi Soft - Vermelho","Lã Amigurumi Soft - Vermelho Claro","Óculos de Mergulho","Chapéu de Cowboy"
"Lã algodão 4 - Laranja","Lã algodão 8 - Marrom","Agulha de Crochê 4,0 mm",NULL
"Lã Amigurumi Soft - Rosa Escuro","Lã Amigurumi  Pelúcia - Amarelo Claro","Óculos de Esportes",NULL
"Botão Pequeno Transparente","Botão Pequeno Colorido",NULL,NULL
"Lã Amigurumi Soft - Amarelo","Lã Amigurumi Soft - Laranja Claro","Chapéu de Palha",NULL
"Lã Amigurumi  Pelúcia - Laranja Escuro","Lã Amigurumi  Pelúcia - Rosa","Focinho de Cachorro 10mm","Óculos de Leitura"
"Boca de Sorriso 20mm","Chapéu de Inverno",NULL,NULL
"Lã algodão 4 - Verde Claro","Agulha de Crochê 4,0 mm",NULL,NULL
"Barbante Natural 8 - Cinza Claro","Mini Árvores de Natal",NULL,NULL
"Lã algodão 2 - Roxo Claro","Botas de Natal",NULL,NULL
"Lã Amigurumi Soft - Cinza","Lã Amigurumi  Pelúcia - Laranja","Olhos de Cachorro de Pelúcia 12mm","Focinho de Porco 20mm"
"Lã Amigurumi  Pelúcia - Verde Claro","Chapéu de Festa",NULL,NULL
"Barbante 6 - Roxo Escuro","Barbante Natural 6 - Azul Escuro","Mini Gorros de Papai Noel",NULL
"Focinho de Cachorro 10mm","Boca de Gato 10mm",NULL,NULL
"Lã Amigurumi  Pelúcia - Amarelo","Chapéu de Sol",NULL,NULL
"Barbante 2 - Cinza Claro","Lã algodão 2 - Roxo Escuro",NULL,NULL
"Botão Pequeno Amarelo","Botão Pequeno Metálico",NULL,NULL
"Lã Amigurumi  Pelúcia - Rosa",NULL,NULL,NULL
"Lã Amigurumi Soft - Amarelo","Óculos de Natação",NULL,NULL
"Lã algodão 4 - Amarelo","Lã algodão 4 - Roxo","Agulha de Crochê 4,0 mm",NULL
"Lã algodão 8 - Laranja","Agulha de Crochê 4,0 mm",NULL,NULL
"Lã algodão 4 - Rosa Claro","Agulha de Crochê 4,0 mm",NULL,NULL
"Barbante 4 - Marrom","Agulha de Crochê 4,0 mm",NULL,NULL
"Lã algodão 8 - Preto","Agulha de Crochê 4,0 mm",NULL,NULL
"Botão Pequeno Transparente",NULL,NULL,NULL
"Lã Amigurumi Soft - Azul","Lã Amigurumi  Pelúcia - Amarelo Escuro",NULL,NULL
"Lã Amigurumi  Pelúcia - Azul Escuro","Focinho de Porco 18mm","Chapéu de Cowboy",NULL
"Lã Amigurumi Soft - Cinza Claro","Lã Amigurumi  Pelúcia - Azul","Olhos de Cachorro de Botão 8mm","Chapéu de Palha"
"Botão Pequeno Azul",NULL,NULL,NULL
"Lã algodão 4 - Vermelho Escuro","Agulha de Crochê 4,0 mm",NULL,NULL
"Lã Amigurumi  Pelúcia - Amarelo Escuro","Lã Amigurumi  Pelúcia - Preto",NULL,NULL
"Olhos de Cachorro de Botão 6mm",NULL,NULL,NULL
"Barbante 4 - Verde Escuro","Agulha de Crochê 4,0 mm",NULL,NULL
"Lã Amigurumi  Pelúcia - Verde Claro","Olhos de Cachorro de Botão 6mm","Chapéu de Cowboy",NULL
"Agulha de Crochê Tunisiano 2,0 mm",NULL,NULL,NULL
"Lã algodão 8 - Cinza Escuro","Agulha de Crochê 4,0 mm",NULL,NULL
"Barbante Natural 2 - Amarelo Claro","Mini Gorros de Papai Noel",NULL,NULL
"Mini Gorros de Papai Noel",NULL,NULL,NULL
"Lã Amigurumi Soft - Amarelo Escuro","Chapéu de Sol",NULL,NULL
"Lã Amigurumi  Brilho - Roxo",NULL,NULL,NULL
"Lã Amigurumi  Pelúcia - Verde Claro","Lã Amigurumi  Pelúcia - Verde Escuro","Olhos de Gato de Plástico 6mm","Óculos de Natação"
"Lã Amigurumi  Pelúcia - Verde","Lã Amigurumi  Pelúcia - Verde Claro","Óculos de Leitura",NULL
"Lã algodão 2 - Amarelo Escuro","Lã algodão 4 - Cinza","Botas de Natal",NULL
"Barbante Natural 2 - Laranja","Lã Amigurumi  Pelúcia - Vermelho Escuro","Guirlandas",NULL
"Lã Amigurumi Soft - Preto","Lã Amigurumi  Pelúcia - Marrom","Focinho de Gato 10mm","Óculos de Esportes"
"Agulha de Crochê Tunisiano 5,0 mm",NULL,NULL,NULL
"Lã algodão 4 - Rosa Escuro","Lã algodão 8 - Amarelo Claro","Agulha de Crochê 4,0 mm",NULL
"Lã Amigurumi  Brilho - Vermelho Claro","Lã Amigurumi  Brilho - Preto",NULL,NULL
"Lã Amigurumi Soft - Amarelo","Focinho de Porco 18mm","Chapéu de Páscoa",NULL
"Lã Amigurumi Soft - Azul Escuro","Lã Amigurumi Soft - Cinza","Focinho de Cachorro 10mm",NULL
"Barbante 4 - Amarelo Claro","Agulha de Crochê 4,0 mm",NULL,NULL
"Lã Amigurumi  Pelúcia - Azul Escuro","Boca de Cachorro 12mm","Boca de Boneca 15mm",NULL
"Barbante 4 - Azul Claro","Lã algodão 8 - Vermelho","Agulha de Crochê 4,0 mm",NULL
"Barbante 4 - Cinza Escuro","Agulha de Crochê 4,0 mm",NULL,NULL
"Lã algodão 8 - Azul","Agulha de Crochê 4,0 mm",NULL,NULL
"Barbante 4 - Vermelho Claro","Mini Árvores de Natal",NULL,NULL
"Barbante 8 - Cinza Escuro","Agulha de Crochê 4,0 mm",NULL,NULL
"Lã Amigurumi Soft - Cinza Claro","Lã Amigurumi  Pelúcia - Azul","Pequenas Caixas de Presente",NULL
"Lã algodão 4 - Preto","Agulha de Crochê 4,0 mm",NULL,NULL
"Lã Amigurumi Soft - Amarelo Claro","Lã Amigurumi Soft - Verde Escuro",NULL,NULL
"Lã Amigurumi  Pelúcia - Amarelo","Lã Amigurumi  Pelúcia - Cinza Claro","Boca de Gato 10mm","Óculos de Natação"
"Lã Amigurumi  Pelúcia - Laranja Escuro","Lã Amigurumi  Pelúcia - Cinza Escuro",NULL,NULL
"Olhos de Cachorro de Pelúcia 10mm","Focinho de Cachorro 10mm",NULL,NULL
"Barbante Natural 6 - Roxo Claro","Pequenas Caixas de Presente",NULL,NULL
"Lã Amigurumi Soft - Amarelo","Lã Amigurumi  Pelúcia - Cinza Claro","Olhos de Cachorro de Pelúcia 10mm","Olhos de Cachorro de Botão 6mm"
"Lã algodão 4 - Roxo Escuro","Agulha de Crochê 4,0 mm",NULL,NULL
"Lã Amigurumi Soft - Branco","Focinho de Gato 10mm",NULL,NULL
"Lã algodão 8 - Cinza","Agulha de Crochê 4,0 mm",NULL,NULL
"Lã algodão 4 - Rosa Escuro","Lã algodão 8 - Rosa Claro",NULL,NULL
"Lã Amigurumi  Pelúcia - Vermelho Escuro","Lã Amigurumi  Pelúcia - Cinza Claro","Olhos de Cachorro de Botão 8mm","Focinho de Gato 10mm"
"Lã Amigurumi Soft - Cinza Claro","Botas de Natal",NULL,NULL
"Lã Amigurumi  Pelúcia - Azul Escuro","Lã Amigurumi  Pelúcia - Rosa Escuro","Focinho de Urso 15mm","Óculos de Segurança"
"Barbante 4 - Azul Claro","Barbante 4 - Roxo Escuro","Agulha de Crochê 4,0 mm",NULL
"Lã Amigurumi Soft - Marrom","Focinho de Gato 10mm",NULL,NULL
"Lã Amigurumi  Pelúcia - Branco","Boca de Sorriso 20mm",NULL,NULL
"Lã Amigurumi  Pelúcia - Azul Escuro","Lã Amigurumi  Pelúcia - Marrom","Focinho de Urso 15mm","Boca de Cachorro 12mm"
"Lã Amigurumi Soft - Azul","Lã Amigurumi  Pelúcia - Marrom","Boca de Boneca 12mm",NULL
"Barbante 4 - Azul Claro","Agulha de Crochê 4,0 mm",NULL,NULL
"Lã Amigurumi  Pelúcia - Verde Escuro","Focinho de Gato 8mm",NULL,NULL
"Boca de Cachorro 12mm","Chapéu de Páscoa",NULL,NULL
"Botão Pequeno Metálico","Botão Pequeno Iridescente",NULL,NULL
"Lã Amigurumi Soft - Azul Escuro","Focinho de Cachorro 12mm",NULL,NULL
"Lã Amigurumi  Pelúcia - Roxo","Chapéu de Palha",NULL,NULL
"Chapéu de Festa",NULL,NULL,NULL
"Lã Amigurumi Soft - Cinza","Lã Amigurumi  Pelúcia - Roxo Escuro",NULL,NULL
"Barbante 4 - Rosa Claro","Lã algodão 8 - Cinza Claro","Agulha de Crochê 4,0 mm",NULL
"Lã Amigurumi Soft - Rosa","Olhos de Cachorro de Botão 6mm","Chapéu de Inverno",NULL
"Botão Pequeno Transparente",NULL,NULL,NULL
"Lã Amigurumi Soft - Vermelho","Boca de Sorriso 15mm","Óculos de Natação",NULL
"Mini Árvores de Natal",NULL,NULL,NULL
"Barbante 4 - Vermelho Claro","Agulha de Crochê 4,0 mm",NULL,NULL
"Barbante 8 - Branco","Agulha de Crochê 4,0 mm",NULL,NULL
"Barbante 8 - Branco","Agulha de Crochê 4,0 mm",NULL,NULL
"Lã Amigurumi Soft - Verde Claro","Óculos de Natação",NULL,NULL
"Lã Amigurumi  Pelúcia - Laranja Claro","Lã Amigurumi  Pelúcia - Rosa Escuro",NULL,NULL
"Barbante Natural 8 - Laranja","Lã algodão 2 - Cinza Claro","Bolinhas decorativas",NULL
"Lã Amigurumi Soft - Cinza Escuro","Focinho de Porco 18mm","Óculos de Leitura",NULL
"Botão Pequeno Metálico",NULL,NULL,NULL
"Lã algodão 4 - Laranja","Agulha de Crochê 4,0 mm",NULL,NULL
"Lã Amigurumi  Pelúcia - Verde",NULL,NULL,NULL
"Lã Amigurumi Soft - Roxo","Lã Amigurumi  Pelúcia - Verde Escuro","Olhos de Cachorro de Pelúcia 10mm","Olhos de Cachorro de Botão 6mm"
"Barbante Natural 6 - Amarelo","Lã Amigurumi  Brilho - Roxo Claro",NULL,NULL
"Lã Amigurumi Soft - Azul","Lã Amigurumi Soft - Cinza Claro","Boca de Cachorro 12mm",NULL
"Lã Amigurumi  Pelúcia - Cinza Escuro","Focinho de Gato 10mm",NULL,NULL
"Lã algodão 6 - Azul Claro",NULL,NULL,NULL
"Barbante 4 - Vermelho Claro","Barbante 4 - Azul Escuro","Agulha de Crochê 4,0 mm",NULL
"Barbante 4 - Rosa Escuro","Agulha de Crochê 4,0 mm",NULL,NULL
"Lã Amigurumi Soft - Preto","Lã Amigurumi  Pelúcia - Vermelho","Focinho de Cachorro 12mm","Óculos de Esportes"
"Lã Amigurumi Soft - Amarelo","Chapéu de Sol",NULL,NULL
"Lã Amigurumi Soft - Laranja","Boca de Boneca 12mm",NULL,NULL
"Barbante 4 - Verde Claro","Lã algodão 8 - Roxo Escuro","Agulha de Crochê 4,0 mm",NULL
"Lã Amigurumi  Pelúcia - Laranja Claro","Bolinhas decorativas",NULL,NULL
"Lã Amigurumi  Brilho - Amarelo Claro","Mini Gorros de Papai Noel",NULL,NULL
"Lã algodão 4 - Laranja Claro","Lã algodão 4 - Marrom","Agulha de Crochê 4,0 mm",NULL
"Lã algodão 4 - Marrom",NULL,NULL,NULL
"Lã algodão 8 - Preto","Lã Amigurumi  Pelúcia - Rosa Escuro","Bolinhas decorativas",NULL
"Lã algodão 8 - Vermelho Claro","Agulha de Crochê 4,0 mm",NULL,NULL
"Lã algodão 8 - Rosa Claro","Lã Amigurumi Soft - Cinza",NULL,NULL
"Lã algodão 2 - Vermelho Claro","Lã Amigurumi  - Rosa","Bolinhas decorativas",NULL
"Mini Árvores de Natal",NULL,NULL,NULL
"Lã algodão 4 - Vermelho Claro","Lã algodão 8 - Roxo Escuro","Agulha de Crochê 4,0 mm",NULL
"Lã algodão 8 - Amarelo","Lã Amigurumi  Brilho - Amarelo","Mini Árvores de Natal",NULL
"Lã algodão 8 - Marrom","Agulha de Crochê 4,0 mm",NULL,NULL
"Botão Pequeno Roxo",NULL,NULL,NULL
"Lã Amigurumi  Pelúcia - Verde Claro","Lã Amigurumi  Pelúcia - Verde Escuro","Óculos de Mergulho",NULL
"Lã Amigurumi Soft - Azul","Boca de Boneca 15mm",NULL,NULL
"Lã Amigurumi  Pelúcia - Vermelho Claro","Lã Amigurumi  Pelúcia - Amarelo Escuro","Boca de Sorriso 20mm",NULL
"Agulha de Crochê 8,0 mm","Agulha de Crochê Tunisiano 4,0 mm",NULL,NULL
"Lã algodão 8 - Azul Claro","Agulha de Crochê 4,0 mm",NULL,NULL
"Lã Amigurumi Soft - Azul Claro","Boca de Cachorro 12mm","Boca de Boneca 12mm",NULL
"Lã algodão 8 - Roxo","Agulha de Crochê 4,0 mm",NULL,NULL
"Lã Amigurumi Soft - Cinza","Óculos de Sol",NULL,NULL
"Lã Amigurumi  Pelúcia - Amarelo Claro","Óculos de Mergulho","Chapéu de Inverno",NULL
"Lã algodão 4 - Azul","Lã algodão 8 - Branco","Agulha de Crochê 4,0 mm",NULL
"Lã Amigurumi  - Roxo Escuro","Bolinhas decorativas",NULL,NULL
"Lã Amigurumi Soft - Amarelo Claro","Lã Amigurumi  Pelúcia - Amarelo Escuro",NULL,NULL
"Lã algodão 4 - Verde Escuro","Agulha de Crochê 4,0 mm",NULL,NULL
"Agulha de Crochê Tunisiano 2,5 mm",NULL,NULL,NULL
"Barbante 8 - Azul Escuro","Agulha de Crochê 4,0 mm",NULL,NULL
"Lã Amigurumi  Pelúcia - Azul Escuro","Lã Amigurumi  Pelúcia - Verde","Olhos de Cachorro de Botão 8mm",NULL
"Lã Amigurumi Soft - Azul Escuro","Lã Amigurumi Soft - Cinza",NULL,NULL
"Lã Amigurumi Soft - Laranja Escuro","Olhos de Cachorro de Botão 6mm","Óculos de Esportes",NULL
"Lã Amigurumi  Pelúcia - Verde Claro","Óculos de Leitura",NULL,NULL
"Agulha de Crochê Tunisiano 3,5 mm","Agulha de Crochê Tunisiano 9,0 mm",NULL,NULL
"Barbante 4 - Vermelho Claro","Agulha de Crochê 4,0 mm",NULL,NULL
"Lã Amigurumi  Pelúcia - Rosa","Óculos de Mergulho",NULL,NULL
"Lã Amigurumi Soft - Vermelho Claro","Lã Amigurumi  Pelúcia - Amarelo Claro","Olhos de Cachorro de Pelúcia 10mm",NULL
"Óculos de Esportes","Chapéu de Festa",NULL,NULL
"Espuma","Olhos de Gato de Plástico 6mm",NULL,NULL
"Lã Amigurumi Soft - Azul","Lã Amigurumi  Pelúcia - Rosa Escuro","Olhos de Cachorro de Botão 6mm","Óculos de Leitura"
"Lã algodão 8 - Amarelo","Agulha de Crochê 4,0 mm",NULL,NULL
"Lã Amigurumi Soft - Azul Escuro","Lã Amigurumi  Pelúcia - Marrom","Boca de Sorriso 15mm","Óculos de Esportes"
"Lã Amigurumi Soft - Laranja Escuro","Boca de Sorriso 15mm","Óculos de Mergulho",NULL
"Lã Amigurumi Soft - Roxo Escuro","Lã Amigurumi  Pelúcia - Azul Escuro","Chapéu de Sol","Chapéu de Palha"
"Lã Amigurumi Soft - Roxo Escuro","Focinho de Porco 18mm","Boca de Boneca 15mm",NULL
"Barbante 6 - Rosa Escuro","Lã algodão 6 - Rosa","Guirlandas",NULL
"Lã Amigurumi  Brilho - Roxo Escuro",NULL,NULL,NULL
"Agulha de Crochê Tunisiano 5,5 mm",NULL,NULL,NULL
"Lã algodão 8 - Rosa Escuro","Agulha de Crochê 4,0 mm",NULL,NULL
"Lã Amigurumi  Pelúcia - Vermelho Escuro","Focinho de Porco 18mm","Chapéu de Festa",NULL
"Barbante Natural 2 - Roxo Escuro","Lã Amigurumi  Brilho - Azul Claro","Bolinhas decorativas",NULL
"Barbante 8 - Verde Claro","Agulha de Crochê 4,0 mm",NULL,NULL
"Lã Amigurumi  Pelúcia - Azul Escuro","Lã Amigurumi  Pelúcia - Roxo Claro","Boca de Boneca 15mm",NULL
"Lã Amigurumi Soft - Rosa Escuro","Lã Amigurumi  Pelúcia - Cinza","Olhos de Cachorro de Botão 8mm","Focinho de Gato 8mm"
"Lã Amigurumi Soft - Azul Claro","Boca de Cachorro 12mm","Chapéu de Festa",NULL
"Barbante 8 - Amarelo Claro","Lã algodão 8 - Roxo Claro","Agulha de Crochê 4,0 mm",NULL
"Barbante Natural 2 - Roxo Claro","Lã Amigurumi Soft - Roxo Claro",NULL,NULL
"Lã Amigurumi Soft - Verde Claro","Focinho de Gato 10mm",NULL,NULL
"Lã Amigurumi Soft - Cinza Escuro","Lã Amigurumi  Pelúcia - Azul",NULL,NULL
"Barbante Natural 8 - Rosa Escuro",NULL,NULL,NULL
"Boca de Sorriso 20mm",NULL,NULL,NULL
"Lã Amigurumi Soft - Roxo Claro","Lã Amigurumi  Pelúcia - Rosa","Olhos de Cachorro de Pelúcia 10mm","Olhos de Cachorro de Botão 8mm"
"Lã Amigurumi Soft - Azul","Focinho de Gato 8mm","Chapéu de Palha",NULL
"Lã algodão 4 - Laranja Escuro","Agulha de Crochê 4,0 mm",NULL,NULL
"Lã Amigurumi Soft - Laranja Claro","Óculos de Leitura","Chapéu de Páscoa",NULL
"Barbante 4 - Cinza Claro","Barbante Natural 6 - Rosa Escuro","Mini Gorros de Papai Noel",NULL
"Mini Gorros de Papai Noel","Botas de Natal",NULL,NULL
"Lã Amigurumi  Pelúcia - Cinza Claro","Lã Amigurumi  Pelúcia - Rosa Escuro","Óculos de Mergulho",NULL
"Barbante Natural 4 - Cinza Escuro","Guirlandas",NULL,NULL
"Lã algodão 8 - Rosa","Agulha de Crochê 4,0 mm",NULL,NULL
"Lã Amigurumi  - Preto",NULL,NULL,NULL
"Lã Amigurumi  Pelúcia - Amarelo Claro","Lã Amigurumi  Pelúcia - Cinza Escuro","Óculos de Esportes",NULL
"Lã algodão 8 - Rosa Claro","Agulha de Crochê 4,0 mm",NULL,NULL
"Barbante Natural 4 - Cinza Escuro","Lã algodão 4 - Roxo Claro","Pequenas Caixas de Presente",NULL
"Botão Pequeno Azul","Botão Pequeno Verde",NULL,NULL
"Lã algodão 8 - Vermelho Claro","Lã algodão 8 - Amarelo",NULL,NULL
"Lã Amigurumi Soft - Vermelho","Lã Amigurumi  Pelúcia - Amarelo","Olhos de Cachorro de Pelúcia 12mm","Focinho de Gato 8mm"
"Lã Amigurumi  Pelúcia - Cinza Escuro","Chapéu de Palha",NULL,NULL
"Lã Amigurumi  Pelúcia - Amarelo","Olhos de Cachorro de Pelúcia 12mm","Focinho de Gato 8mm",NULL
"Lã Amigurumi  Pelúcia - Roxo","Lã Amigurumi  Pelúcia - Roxo Claro","Focinho de Gato 10mm","Boca de Sorriso 20mm"
"Lã Amigurumi Soft - Vermelho Escuro","Olhos de Cachorro de Botão 6mm",NULL,NULL
"Lã Amigurumi Soft - Azul","Focinho de Gato 8mm","Focinho de Cachorro 10mm",NULL
"Lã algodão 8 - Rosa","Agulha de Crochê 4,0 mm",NULL,NULL
"Barbante 8 - Rosa Escuro","Lã algodão 8 - Laranja Escuro","Agulha de Crochê 4,0 mm",NULL
"Barbante 4 - Vermelho Escuro","Barbante 4 - Amarelo Escuro","Agulha de Crochê 4,0 mm",NULL
"Lã Amigurumi  Pelúcia - Roxo","Lã Amigurumi  Pelúcia - Preto","Olhos de Cachorro de Botão 6mm",NULL
"Barbante 2 - Cinza Escuro",NULL,NULL,NULL
"Barbante 8 - Amarelo Escuro","Lã algodão 8 - Azul","Agulha de Crochê 4,0 mm",NULL
"Lã Amigurumi Soft - Rosa Escuro","Chapéu de Cowboy",NULL,NULL
"Agulha de Crochê 5,5 mm",NULL,NULL,NULL
"Lã Amigurumi  Pelúcia - Branco","Pequenas Caixas de Presente",NULL,NULL
"Barbante 4 - Roxo Escuro","Lã algodão 4 - Rosa","Agulha de Crochê 4,0 mm",NULL
"Lã Amigurumi Soft - Vermelho Escuro","Lã Amigurumi  Pelúcia - Amarelo Claro","Óculos de Segurança",NULL
"Lã algodão 6 - Vermelho Escuro","Guirlandas",NULL,NULL
"Barbante 8 - Azul Escuro","Lã algodão 8 - Laranja Claro","Agulha de Crochê 4,0 mm",NULL
"Barbante 8 - Verde Escuro","Lã algodão 4 - Verde","Agulha de Crochê 4,0 mm",NULL
"Lã algodão 4 - Roxo Escuro","Agulha de Crochê 4,0 mm",NULL,NULL
"Lã Amigurumi Soft - Amarelo","Lã Amigurumi  Pelúcia - Verde Escuro","Focinho de Cachorro 10mm","Chapéu de Cowboy"
"Barbante Natural 8 - Cru","Botas de Natal",NULL,NULL
"Lã Amigurumi Soft - Verde","Lã Amigurumi Soft - Rosa Claro","Boca de Cachorro 12mm","Óculos de Mergulho"
"Lã Amigurumi Soft - Vermelho","Lã Amigurumi  Pelúcia - Roxo Escuro","Focinho de Urso 15mm","Focinho de Cachorro 12mm"
"Barbante 8 - Amarelo Claro","Lã algodão 4 - Laranja","Agulha de Crochê 4,0 mm",NULL
"Lã Amigurumi  Pelúcia - Azul Escuro","Focinho de Gato 10mm","Óculos de Sol",NULL
"Lã Amigurumi Soft - Laranja Claro","Lã Amigurumi  Pelúcia - Rosa Claro","Boca de Sorriso 20mm","Boca de Boneca 12mm"
"Barbante 8 - Marrom","Lã Amigurumi  - Vermelho Escuro","Botas de Natal",NULL
"Barbante 6 - Azul Claro","Guirlandas",NULL,NULL
"Lã algodão 8 - Azul Escuro","Agulha de Crochê 4,0 mm",NULL,NULL
"Barbante 4 - Roxo Escuro","Agulha de Crochê 4,0 mm",NULL,NULL
"Lã algodão 8 - Verde","Agulha de Crochê 4,0 mm",NULL,NULL
"Lã Amigurumi  Pelúcia - Roxo Claro","Óculos de Sol","Chapéu de Páscoa",NULL
"Lã algodão 8 - Vermelho","Agulha de Crochê 4,0 mm",NULL,NULL
"Lã Amigurumi Soft - Rosa Claro","Boca de Sorriso 15mm","Chapéu de Sol",NULL
"Lã Amigurumi  - Rosa Claro","Lã Amigurumi  Brilho - Verde",NULL,NULL
"Lã Amigurumi Soft - Rosa Escuro","Lã Amigurumi  Pelúcia - Vermelho Escuro","Chapéu de Festa",NULL
"Barbante 8 - Cinza Escuro","Agulha de Crochê 4,0 mm",NULL,NULL
"Lã Amigurumi  Pelúcia - Verde","Boca de Boneca 12mm",NULL,NULL
"Bolinhas decorativas","Mini Árvores de Natal",NULL,NULL
"Botão Pequeno Iridescente",NULL,NULL,NULL
"Lã Amigurumi Soft - Vermelho","Lã Amigurumi Soft - Rosa Escuro","Óculos de Esportes",NULL
"Barbante Natural 2 - Cinza","Barbante Natural 8 - Preto","Pequenas Caixas de Presente",NULL
"Lã algodão 4 - Verde Claro","Lã algodão 4 - Cinza Escuro","Agulha de Crochê 4,0 mm",NULL
"Lã Amigurumi  Brilho - Azul Escuro","Lã Amigurumi  Brilho - Roxo Escuro",NULL,NULL
"Lã Amigurumi  Brilho - Azul","Mini Gorros de Papai Noel",NULL,NULL
"Lã algodão 4 - Amarelo Escuro","Lã Amigurumi  Pelúcia - Branco","Bolinhas decorativas",NULL
"Lã Amigurumi  Pelúcia - Verde","Lã Amigurumi  Pelúcia - Laranja Claro","Óculos de Mergulho","Óculos de Segurança"
"Lã algodão 8 - Amarelo Claro","Agulha de Crochê 4,0 mm",NULL,NULL
"Barbante 4 - Laranja","Lã algodão 4 - Verde Escuro","Agulha de Crochê 4,0 mm",NULL
"Guirlandas",NULL,NULL,NULL
"Lã Amigurumi  Pelúcia - Roxo","Chapéu de Cowboy",NULL,NULL
"Lã Amigurumi Soft - Azul Claro","Boca de Sorriso 15mm",NULL,NULL
"Barbante 8 - Verde Claro","Barbante 8 - Cinza Escuro","Agulha de Crochê 4,0 mm",NULL
"Lã Amigurumi Soft - Cinza Claro","Óculos de Mergulho","Chapéu de Sol",NULL
"Lã Amigurumi  Brilho - Laranja","Mini Árvores de Natal",NULL,NULL
"Barbante 8 - Marrom","Lã algodão 8 - Amarelo Escuro","Agulha de Crochê 4,0 mm",NULL
"Lã Amigurumi  Pelúcia - Azul Claro","Olhos de Gato de Plástico 8mm","Focinho de Cachorro 12mm",NULL
"Barbante 8 - Amarelo Claro","Lã algodão 4 - Cinza","Agulha de Crochê 4,0 mm",NULL
"Barbante 8 - Azul Claro","Lã algodão 8 - Preto","Agulha de Crochê 4,0 mm",NULL
"Lã algodão 4 - Rosa","Lã algodão 8 - Laranja","Agulha de Crochê 4,0 mm",NULL
"Lã Amigurumi Soft - Roxo Claro","Lã Amigurumi Soft - Roxo Escuro","Focinho de Gato 10mm",NULL
"Lã Amigurumi  Pelúcia - Vermelho Claro","Lã Amigurumi  Pelúcia - Verde Escuro","Olhos de Gato de Plástico 8mm","Chapéu de Festa"
"Botas de Natal",NULL,NULL,NULL
"Lã Amigurumi Soft - Vermelho Escuro","Lã Amigurumi  Pelúcia - Azul","Olhos de Gato de Plástico 6mm","Boca de Boneca 15mm"
"Barbante Natural 8 - Cru",NULL,NULL,NULL
"Barbante 2 - Marrom","Barbante Natural 6 - Marrom","Mini Gorros de Papai Noel",NULL
"Lã Amigurumi Soft - Roxo Escuro","Boca de Gato 10mm","Boca de Boneca 12mm",NULL
"Barbante 6 - Preto","Lã Amigurumi  Pelúcia - Preto","Mini Gorros de Papai Noel",NULL
"Botão Pequeno Vermelho","Olhos de Gato de Plástico 6mm",NULL,NULL
"Lã algodão 4 - Verde Claro","Agulha de Crochê 4,0 mm",NULL,NULL
"Barbante 4 - Roxo Claro","Agulha de Crochê 4,0 mm",NULL,NULL
"Lã algodão 4 - Vermelho","Mini Gorros de Papai Noel",NULL,NULL
"Lã algodão 8 - Vermelho Claro","Agulha de Crochê 4,0 mm",NULL,NULL
"Olhos de Cachorro de Botão 8mm","Boca de Cachorro 12mm",NULL,NULL
"Mini Árvores de Natal","Botas de Natal",NULL,NULL
"Lã Amigurumi Soft - Amarelo Claro","Lã Amigurumi Soft - Azul Claro","Focinho de Porco 18mm","Chapéu de Sol"
"Agulha de Crochê Tunisiano 3,0 mm","Agulha de Crochê Tunisiano 6,0 mm",NULL,NULL
"Lã Amigurumi Soft - Amarelo Claro","Lã Amigurumi  Pelúcia - Cinza Escuro","Olhos de Cachorro de Botão 6mm","Focinho de Cachorro 12mm"
"Lã algodão 8 - Laranja","Bolinhas decorativas",NULL,NULL
"Barbante Natural 8 - Rosa Claro","Mini Árvores de Natal",NULL,NULL
"Lã algodão 4 - Laranja","Lã algodão 4 - Marrom","Agulha de Crochê 4,0 mm",NULL
"Lã Amigurumi Soft - Azul Claro","Lã Amigurumi Soft - Branco","Olhos de Cachorro de Pelúcia 12mm",NULL
"Lã Amigurumi Soft - Vermelho Claro","Focinho de Urso 15mm",NULL,NULL
"Lã Amigurumi Soft - Vermelho Escuro","Lã Amigurumi  Pelúcia - Vermelho Claro","Boca de Gato 10mm",NULL
"Lã Amigurumi Soft - Laranja Escuro","Óculos de Sol",NULL,NULL
"Lã Amigurumi Soft - Verde","Lã Amigurumi  Pelúcia - Amarelo Claro","Boca de Cachorro 12mm",NULL
"Barbante 2 - Preto","Barbante Natural 6 - Azul","Botas de Natal",NULL
"Barbante 4 - Rosa Claro","Lã algodão 4 - Verde Escuro","Agulha de Crochê 4,0 mm",NULL
"Barbante 8 - Roxo Escuro","Lã Amigurumi  Pelúcia - Cinza","Mini Gorros de Papai Noel",NULL
"Lã Amigurumi  Pelúcia - Azul","Chapéu de Cowboy",NULL,NULL
"Barbante 8 - Cinza Escuro","Lã algodão 8 - Azul Escuro","Agulha de Crochê 4,0 mm",NULL
"Lã Amigurumi Soft - Vermelho Escuro","Lã Amigurumi  Pelúcia - Cinza","Chapéu de Palha",NULL
"Lã algodão 8 - Roxo Claro","Agulha de Crochê 4,0 mm",NULL,NULL
"Barbante 4 - Amarelo Claro","Barbante 6 - Amarelo Escuro","Botas de Natal",NULL
"Lã Amigurumi  Pelúcia - Laranja","Lã Amigurumi  Pelúcia - Roxo Escuro","Óculos de Leitura","Óculos de Esportes"
"Lã Amigurumi Soft - Vermelho Escuro","Lã Amigurumi Soft - Roxo","Chapéu de Páscoa",NULL
"Lã algodão 4 - Laranja Claro","Agulha de Crochê 4,0 mm",NULL,NULL
"Lã Amigurumi  Pelúcia - Amarelo","Lã Amigurumi  Pelúcia - Rosa Claro","Olhos de Gato de Plástico 6mm","Óculos de Mergulho"
"Lã Amigurumi  Pelúcia - Azul","Olhos de Cachorro de Botão 8mm","Focinho de Porco 20mm",NULL
"Lã Amigurumi Soft - Laranja","Lã Amigurumi Soft - Laranja Claro","Focinho de Porco 20mm",NULL
"Lã algodão 8 - Amarelo","Lã algodão 8 - Azul Escuro","Agulha de Crochê 4,0 mm",NULL
"Lã Amigurumi  Pelúcia - Rosa Claro","Lã Amigurumi  Pelúcia - Rosa Escuro",NULL,NULL
"Lã algodão 8 - Roxo","Mini Gorros de Papai Noel",NULL,NULL
"Lã Amigurumi  Pelúcia - Marrom","Olhos de Cachorro de Pelúcia 12mm","Óculos de Sol",NULL
"Barbante 8 - Roxo Claro","Mini Árvores de Natal",NULL,NULL
"Lã Amigurumi Soft - Cinza Escuro","Lã Amigurumi  Pelúcia - Cinza","Focinho de Cachorro 12mm","Chapéu de Páscoa"
"Lã Amigurumi  Pelúcia - Amarelo","Boca de Sorriso 20mm","Chapéu de Inverno",NULL
"Lã algodão 8 - Azul Claro","Agulha de Crochê 4,0 mm",NULL,NULL
"Barbante Natural 4 - Verde","Mini Gorros de Papai Noel",NULL,NULL
"Lã Amigurumi Soft - Roxo","Lã Amigurumi Soft - Marrom","Boca de Boneca 12mm","Óculos de Segurança"
"Lã Amigurumi Soft - Azul Escuro","Boca de Boneca 12mm","Chapéu de Cowboy",NULL
"Mini Gorros de Papai Noel","Botas de Natal",NULL,NULL
"Lã Amigurumi Soft - Azul Claro",NULL,NULL,NULL
"Agulha de Crochê Tunisiano 8,0 mm",NULL,NULL,NULL
"Lã algodão 4 - Verde Escuro","Lã algodão 8 - Azul Escuro","Agulha de Crochê 4,0 mm",NULL
"Barbante Natural 8 - Cinza","Mini Gorros de Papai Noel",NULL,NULL
"Lã Amigurumi  Pelúcia - Verde","Olhos de Cachorro de Pelúcia 10mm","Boca de Gato 10mm",NULL
"Barbante 8 - Verde Claro","Agulha de Crochê 4,0 mm",NULL,NULL
"Lã algodão 4 - Laranja Claro","Agulha de Crochê 4,0 mm",NULL,NULL
"Lã algodão 8 - Branco","Agulha de Crochê 4,0 mm",NULL,NULL
"Lã algodão 4 - Vermelho Claro","Lã algodão 8 - Roxo","Agulha de Crochê 4,0 mm",NULL
"Mini Árvores de Natal",NULL,NULL,NULL
"Lã algodão 8 - Amarelo Escuro","Agulha de Crochê 4,0 mm",NULL,NULL
"Barbante Natural 8 - Laranja","Lã Amigurumi Soft - Azul Claro","Pequenas Caixas de Presente",NULL
"Olhos de Gato de Plástico 8mm",NULL,NULL,NULL
"Barbante 8 - Marrom","Agulha de Crochê 4,0 mm",NULL,NULL
"Barbante 8 - Rosa Escuro","Agulha de Crochê 4,0 mm",NULL,NULL
"Botão Pequeno Gradiente",NULL,NULL,NULL
"Lã algodão 4 - Laranja Claro","Agulha de Crochê 4,0 mm",NULL,NULL
"Lã Amigurumi  Pelúcia - Rosa","Boca de Boneca 12mm","Óculos de Sol",NULL
"Barbante 8 - Vermelho Claro","Lã algodão 4 - Azul Claro","Agulha de Crochê 4,0 mm",NULL
"Barbante Natural 4 - Cru","Guirlandas",NULL,NULL
"Barbante 4 - Roxo Escuro","Lã algodão 4 - Branco","Agulha de Crochê 4,0 mm",NULL
"Lã algodão 2 - Cinza Escuro","Pequenas Caixas de Presente",NULL,NULL
"Lã Amigurumi Soft - Amarelo","Lã Amigurumi Soft - Laranja Escuro","Focinho de Cachorro 12mm","Chapéu de Festa"
"Lã algodão 8 - Amarelo Claro","Lã algodão 8 - Rosa Escuro","Agulha de Crochê 4,0 mm",NULL
"Lã Amigurumi Soft - Rosa Escuro","Lã Amigurumi  Pelúcia - Laranja","Olhos de Gato de Plástico 6mm","Óculos de Esportes"
"Lã algodão 8 - Amarelo","Lã algodão 8 - Amarelo Escuro","Agulha de Crochê 4,0 mm",NULL
"Lã algodão 8 - Verde Claro","Lã Amigurumi  Pelúcia - Vermelho Claro","Guirlandas",NULL
"Barbante 2 - Rosa Escuro","Lã Amigurumi  Pelúcia - Preto","Pequenas Caixas de Presente",NULL
"Barbante 4 - Roxo Escuro","Pequenas Caixas de Presente",NULL,NULL
"Barbante 4 - Vermelho Claro","Agulha de Crochê 4,0 mm",NULL,NULL
"Barbante 4 - Azul Escuro","Lã algodão 8 - Amarelo Escuro",NULL,NULL
"Lã algodão 8 - Roxo Escuro","Lã Amigurumi  - Azul",NULL,NULL
"Barbante 4 - Verde Claro","Agulha de Crochê 4,0 mm",NULL,NULL
"Barbante 2 - Cinza Claro","Mini Árvores de Natal",NULL,NULL
"Lã Amigurumi  - Preto","Lã Amigurumi  Brilho - Cinza",NULL,NULL
"Lã Amigurumi  Pelúcia - Roxo Claro","Olhos de Cachorro de Botão 6mm",NULL,NULL
"Lã Amigurumi Soft - Branco","Boca de Boneca 12mm",NULL,NULL
"Lã Amigurumi Soft - Cinza Claro","Boca de Gato 10mm",NULL,NULL
"Lã Amigurumi Soft - Roxo","Lã Amigurumi  Pelúcia - Laranja","Focinho de Urso 15mm",NULL
"Lã algodão 8 - Vermelho Escuro","Agulha de Crochê 4,0 mm",NULL,NULL
"Lã algodão 8 - Cinza Claro","Agulha de Crochê 4,0 mm",NULL,NULL
"Barbante 8 - Vermelho Escuro","Agulha de Crochê 4,0 mm",NULL,NULL
"Lã Amigurumi  Pelúcia - Amarelo Claro","Lã Amigurumi  Pelúcia - Preto","Focinho de Gato 10mm","Boca de Boneca 12mm"
"Lã Amigurumi Soft - Azul Escuro","Lã Amigurumi  Pelúcia - Vermelho Claro","Chapéu de Festa","Chapéu de Páscoa"
"Lã Amigurumi  Brilho - Amarelo",NULL,NULL,NULL
"Lã Amigurumi Soft - Laranja Claro","Lã Amigurumi  Pelúcia - Amarelo Escuro","Focinho de Porco 20mm",NULL
"Lã Amigurumi  Pelúcia - Amarelo Escuro","Lã Amigurumi  Pelúcia - Cinza Claro","Focinho de Gato 10mm",NULL
"Barbante 4 - Verde Escuro","Lã algodão 8 - Vermelho Claro","Agulha de Crochê 4,0 mm",NULL
"Lã algodão 4 - Laranja Claro","Lã algodão 8 - Laranja Claro","Agulha de Crochê 4,0 mm",NULL
"Lã algodão 4 - Azul Escuro","Lã algodão 8 - Verde Escuro","Agulha de Crochê 4,0 mm",NULL
"Barbante 6 - Branco","Lã algodão 8 - Roxo Claro","Bolinhas decorativas",NULL
"Barbante 4 - Azul Escuro","Barbante 4 - Verde Escuro","Agulha de Crochê 4,0 mm",NULL
"Lã algodão 4 - Vermelho Escuro","Agulha de Crochê 4,0 mm",NULL,NULL
"Mini Gorros de Papai Noel",NULL,NULL,NULL
"Lã Amigurumi  Brilho - Rosa Escuro",NULL,NULL,NULL
"Lã Amigurumi  Pelúcia - Azul Escuro","Lã Amigurumi  Pelúcia - Verde Escuro","Focinho de Porco 20mm","Boca de Sorriso 15mm"
"Lã Amigurumi Soft - Marrom","Boca de Sorriso 15mm",NULL,NULL
"Barbante Natural 8 - Amarelo Claro","Bolinhas decorativas",NULL,NULL
"Lã algodão 8 - Amarelo Escuro","Lã algodão 8 - Roxo Escuro","Agulha de Crochê 4,0 mm",NULL
"Lã algodão 4 - Verde Escuro","Lã algodão 4 - Roxo Escuro","Agulha de Crochê 4,0 mm",NULL
"Lã Amigurumi Soft - Laranja Claro","Lã Amigurumi Soft - Marrom","Focinho de Cachorro 12mm",NULL
"Barbante Natural 4 - Marrom","Lã algodão 2 - Vermelho Claro","Mini Gorros de Papai Noel",NULL
"Barbante Natural 6 - Marrom","Lã Amigurumi Soft - Rosa","Bolinhas decorativas",NULL
"Focinho de Cachorro 12mm",NULL,NULL,NULL
"Lã Amigurumi Soft - Rosa","Lã Amigurumi  Pelúcia - Roxo Claro","Focinho de Gato 10mm","Chapéu de Sol"
"Lã Amigurumi  Brilho - Verde Escuro","Lã Amigurumi  Brilho - Laranja Claro",NULL,NULL
"Lã Amigurumi  Pelúcia - Rosa Escuro","Pequenas Caixas de Presente",NULL,NULL
"Barbante 2 - Roxo Escuro","Bolinhas decorativas",NULL,NULL
"Lã Amigurumi Soft - Marrom","Boca de Gato 10mm",NULL,NULL
"Barbante Natural 4 - Roxo Escuro","Lã algodão 6 - Azul","Bolinhas decorativas",NULL
"Barbante 6 - Cinza Escuro","Pequenas Caixas de Presente",NULL,NULL
"Barbante 4 - Rosa Escuro","Barbante 8 - Laranja","Agulha de Crochê 4,0 mm",NULL
"Barbante 8 - Amarelo Escuro",NULL,NULL,NULL
"Barbante 8 - Branco","Lã algodão 4 - Azul Claro","Agulha de Crochê 4,0 mm",NULL
"Barbante Natural 2 - Azul Claro","Barbante Natural 8 - Roxo Claro",NULL,NULL
"Barbante 4 - Vermelho Claro","Lã algodão 4 - Amarelo","Agulha de Crochê 4,0 mm",NULL
"Lã Amigurumi Soft - Preto","Lã Amigurumi  Pelúcia - Laranja Escuro","Óculos de Segurança","Chapéu de Inverno"
"Lã Amigurumi Soft - Verde Claro","Olhos de Gato de Plástico 8mm",NULL,NULL
"Lã Amigurumi Soft - Rosa","Lã Amigurumi  Pelúcia - Cinza Escuro","Olhos de Cachorro de Pelúcia 10mm",NULL
"Barbante 8 - Azul Claro","Lã algodão 8 - Roxo Claro","Agulha de Crochê 4,0 mm",NULL
"Lã Amigurumi Soft - Roxo Claro","Lã Amigurumi  Pelúcia - Cinza Escuro","Óculos de Mergulho","Chapéu de Inverno"
"Barbante 8 - Laranja","Lã algodão 4 - Azul","Agulha de Crochê 4,0 mm",NULL
"Lã Amigurumi Soft - Cinza","Olhos de Cachorro de Pelúcia 12mm","Focinho de Porco 18mm",NULL
"Lã Amigurumi Soft - Roxo","Lã Amigurumi  Pelúcia - Roxo Escuro","Olhos de Cachorro de Botão 8mm",NULL
"Lã Amigurumi  Pelúcia - Branco","Lã Amigurumi  Pelúcia - Cinza Escuro","Mini Gorros de Papai Noel",NULL
"Lã algodão 4 - Laranja Escuro","Lã algodão 8 - Roxo","Mini Gorros de Papai Noel",NULL
"Focinho de Porco 18mm",NULL,NULL,NULL
"Bolinhas decorativas","Guirlandas",NULL,NULL
"Lã algodão 8 - Vermelho Escuro","Agulha de Crochê 4,0 mm",NULL,NULL
"Agulha de Crochê 8,0 mm",NULL,NULL,NULL
"Barbante Natural 2 - Azul Claro","Lã Amigurumi  Brilho - Roxo Escuro","Pequenas Caixas de Presente",NULL
"Lã Amigurumi Soft - Branco","Lã Amigurumi  Brilho - Marrom","Mini Árvores de Natal",NULL
"Lã Amigurumi  Pelúcia - Laranja Claro","Boca de Gato 10mm",NULL,NULL
"Lã Amigurumi  Pelúcia - Amarelo Escuro","Lã Amigurumi  Pelúcia - Marrom","Focinho de Cachorro 10mm",NULL
"Lã algodão 6 - Branco","Mini Árvores de Natal",NULL,NULL
"Bolinhas decorativas",NULL,NULL,NULL
"Mini Árvores de Natal",NULL,NULL,NULL
"Lã Amigurumi Soft - Cinza Escuro","Lã Amigurumi  Pelúcia - Roxo Escuro","Olhos de Cachorro de Botão 6mm","Focinho de Porco 20mm"
"Lã algodão 8 - Verde","Agulha de Crochê 4,0 mm",NULL,NULL
"Lã algodão 8 - Vermelho Escuro","Agulha de Crochê 4,0 mm",NULL,NULL
"Lã Amigurumi Soft - Rosa","Olhos de Gato de Plástico 6mm",NULL,NULL
"Lã Amigurumi  Pelúcia - Rosa Claro","Chapéu de Sol","Chapéu de Inverno",NULL
"Lã Amigurumi  Pelúcia - Branco","Bolinhas decorativas",NULL,NULL
"Lã Amigurumi  Brilho - Preto","Pequenas Caixas de Presente",NULL,NULL
"Espuma",NULL,NULL,NULL
"Lã Amigurumi  Pelúcia - Vermelho","Lã Amigurumi  Pelúcia - Rosa Escuro","Olhos de Cachorro de Botão 8mm","Focinho de Gato 10mm"
"Barbante 8 - Vermelho Escuro","Lã algodão 8 - Vermelho Escuro","Agulha de Crochê 4,0 mm",NULL
"Barbante Natural 4 - Cinza","Mini Gorros de Papai Noel",NULL,NULL
"Lã Amigurumi  - Verde Claro","Mini Árvores de Natal",NULL,NULL
"Barbante Natural 6 - Verde","Barbante Natural 6 - Roxo Claro","Mini Árvores de Natal",NULL
"Lã Amigurumi  Pelúcia - Laranja Claro","Lã Amigurumi  Pelúcia - Rosa Claro","Chapéu de Palha",NULL
"Lã Amigurumi Soft - Roxo Claro","Lã Amigurumi  Pelúcia - Verde","Olhos de Cachorro de Botão 8mm","Focinho de Porco 20mm"
"Lã Amigurumi Soft - Azul Claro","Boca de Cachorro 12mm","Chapéu de Inverno",NULL
"Lã Amigurumi  Pelúcia - Cinza","Lã Amigurumi  Pelúcia - Cinza Escuro","Óculos de Esportes",NULL
"Focinho de Cachorro 10mm","Boca de Gato 10mm",NULL,NULL
"Lã Amigurumi Soft - Verde Escuro","Lã Amigurumi Soft - Cinza Claro","Olhos de Cachorro de Botão 8mm",NULL
"Lã algodão 8 - Verde Claro","Agulha de Crochê 4,0 mm",NULL,NULL
"Barbante 8 - Azul Claro","Lã algodão 4 - Roxo Claro","Agulha de Crochê 4,0 mm",NULL
"Barbante 8 - Amarelo Escuro","Lã algodão 8 - Rosa Escuro","Agulha de Crochê 4,0 mm",NULL
"Lã Amigurumi  - Rosa Escuro","Lã Amigurumi  Brilho - Verde",NULL,NULL
"Lã algodão 8 - Amarelo","Agulha de Crochê 4,0 mm",NULL,NULL
"Barbante 2 - Amarelo Claro","Lã algodão 4 - Marrom","Guirlandas",NULL
"Barbante 8 - Marrom","Lã algodão 8 - Branco","Agulha de Crochê 4,0 mm",NULL
"Barbante 8 - Amarelo Escuro","Bolinhas decorativas",NULL,NULL
"Lã algodão 8 - Verde Escuro","Guirlandas",NULL,NULL
"Lã algodão 4 - Roxo Escuro","Lã algodão 4 - Preto","Agulha de Crochê 4,0 mm",NULL
"Lã algodão 4 - Vermelho","Lã algodão 8 - Amarelo Escuro","Agulha de Crochê 4,0 mm",NULL
"Lã Amigurumi Soft - Cinza","Boca de Gato 10mm",NULL,NULL
"Lã algodão 4 - Azul","Lã Amigurumi  - Laranja Escuro","Guirlandas",NULL
"Lã Amigurumi  Pelúcia - Rosa","Olhos de Cachorro de Pelúcia 12mm","Chapéu de Inverno",NULL
"Lã Amigurumi  Pelúcia - Vermelho Claro","Olhos de Cachorro de Pelúcia 10mm","Focinho de Cachorro 10mm",NULL
"Lã Amigurumi  Pelúcia - Verde Claro","Boca de Sorriso 20mm",NULL,NULL
"Lã Amigurumi  Pelúcia - Verde Claro","Boca de Boneca 15mm",NULL,NULL
"Barbante 6 - Vermelho Claro","Bolinhas decorativas",NULL,NULL
"Barbante 4 - Preto","Pequenas Caixas de Presente",NULL,NULL
"Lã algodão 8 - Vermelho","Lã algodão 8 - Azul Escuro","Agulha de Crochê 4,0 mm",NULL
"Lã algodão 6 - Verde Escuro","Pequenas Caixas de Presente",NULL,NULL
"Lã Amigurumi  Pelúcia - Rosa Escuro","Boca de Cachorro 12mm","Óculos de Leitura",NULL
"Barbante Natural 6 - Vermelho Claro","Lã Amigurumi Soft - Azul","Mini Árvores de Natal",NULL
"Lã Amigurumi Soft - Cinza","Lã Amigurumi  Pelúcia - Amarelo Claro","Óculos de Natação","Chapéu de Festa"
"Lã Amigurumi Soft - Laranja Claro","Lã Amigurumi  Pelúcia - Laranja Claro","Boca de Gato 10mm",NULL
"Barbante 8 - Rosa Claro","Lã algodão 8 - Laranja","Agulha de Crochê 4,0 mm",NULL
"Lã algodão 8 - Azul Claro","Pequenas Caixas de Presente",NULL,NULL
"Barbante 8 - Rosa Claro","Agulha de Crochê 4,0 mm",NULL,NULL
"Agulha de Crochê 8,0 mm","Agulha de Crochê 10,0 mm",NULL,NULL
"Lã algodão 4 - Rosa Claro","Lã algodão 8 - Amarelo","Agulha de Crochê 4,0 mm",NULL
"Lã Amigurumi  Pelúcia - Preto","Óculos de Sol","Chapéu de Palha",NULL
"Lã Amigurumi  - Amarelo Claro","Lã Amigurumi  - Cinza","Guirlandas",NULL
"Barbante 8 - Rosa Escuro","Lã algodão 8 - Amarelo Escuro","Agulha de Crochê 4,0 mm",NULL
"Lã Amigurumi Soft - Vermelho","Pequenas Caixas de Presente",NULL,NULL
"Lã algodão 8 - Cinza","Lã Amigurumi Soft - Cinza","Mini Árvores de Natal",NULL
"Lã Amigurumi  Brilho - Amarelo Claro","Guirlandas",NULL,NULL
"Barbante 8 - Roxo Escuro","Pequenas Caixas de Presente",NULL,NULL
"Lã Amigurumi Soft - Cinza Claro","Olhos de Cachorro de Pelúcia 10mm","Óculos de Natação",NULL
"Barbante 4 - Verde Claro","Lã algodão 4 - Laranja","Agulha de Crochê 4,0 mm",NULL
"Agulha de Crochê 8,0 mm","Agulha de Crochê Tunisiano 6,0 mm",NULL,NULL
"Lã algodão 4 - Verde Escuro","Agulha de Crochê 4,0 mm",NULL,NULL
"Lã Amigurumi Soft - Rosa Claro","Focinho de Urso 15mm","Boca de Boneca 15mm",NULL
"Barbante 8 - Marrom","Agulha de Crochê 4,0 mm",NULL,NULL
"Lã algodão 4 - Cinza","Agulha de Crochê 4,0 mm",NULL,NULL
"Lã algodão 4 - Cinza Claro","Agulha de Crochê 4,0 mm",NULL,NULL
"Barbante 8 - Cinza Claro","Bolinhas decorativas",NULL,NULL
"Boca de Sorriso 15mm","Chapéu de Cowboy",NULL,NULL
"Lã Amigurumi Soft - Roxo","Lã Amigurumi Soft - Rosa","Óculos de Esportes","Óculos de Segurança"
"Barbante 8 - Rosa Escuro","Pequenas Caixas de Presente",NULL,NULL
"Lã algodão 8 - Amarelo Escuro","Agulha de Crochê 4,0 mm",NULL,NULL
"Lã Amigurumi  Pelúcia - Vermelho Escuro","Lã Amigurumi  Pelúcia - Roxo Escuro","Olhos de Cachorro de Botão 8mm","Chapéu de Sol"
"Barbante 4 - Rosa Claro","Lã algodão 4 - Verde","Agulha de Crochê 4,0 mm",NULL
"Lã algodão 4 - Roxo Claro","Lã algodão 8 - Amarelo Claro","Agulha de Crochê 4,0 mm",NULL
"Lã Amigurumi  Pelúcia - Roxo","Focinho de Gato 10mm","Boca de Sorriso 20mm",NULL
"Lã Amigurumi Soft - Amarelo Escuro","Olhos de Gato de Plástico 6mm","Boca de Sorriso 20mm",NULL
"Barbante Natural 8 - Rosa","Lã algodão 4 - Cinza","Guirlandas",NULL
"Barbante 4 - Azul Escuro","Agulha de Crochê 4,0 mm",NULL,NULL
"Barbante Natural 2 - Verde","Pequenas Caixas de Presente",NULL,NULL
"Barbante 4 - Branco","Agulha de Crochê 4,0 mm",NULL,NULL
"Barbante Natural 2 - Rosa Claro","Bolinhas decorativas",NULL,NULL
"Fivelas para cintos",NULL,NULL,NULL
"Lã Amigurumi  Pelúcia - Laranja Claro","Olhos de Cachorro de Botão 8mm","Boca de Boneca 15mm",NULL
"Lã Amigurumi Soft - Vermelho","Óculos de Natação",NULL,NULL
"Lã Amigurumi Soft - Rosa Claro","Lã Amigurumi  Brilho - Verde Claro","Pequenas Caixas de Presente",NULL
"Barbante 8 - Branco","Lã algodão 8 - Amarelo Claro","Agulha de Crochê 4,0 mm",NULL
"Barbante 4 - Laranja","Agulha de Crochê 4,0 mm",NULL,NULL
"Lã Amigurumi Soft - Cinza","Boca de Cachorro 12mm",NULL,NULL
"Lã Amigurumi  Pelúcia - Branco","Guirlandas",NULL,NULL
"Lã algodão 4 - Vermelho Claro","Lã algodão 8 - Rosa Escuro","Agulha de Crochê 4,0 mm",NULL
"Lã Amigurumi  Pelúcia - Cinza Escuro","Chapéu de Inverno",NULL,NULL
"Lã algodão 8 - Amarelo Escuro","Lã algodão 8 - Branco","Agulha de Crochê 4,0 mm",NULL
"Barbante 4 - Amarelo Escuro","Barbante 6 - Roxo Escuro","Mini Árvores de Natal",NULL
"Botão Pequeno Gradiente","Fitas",NULL,NULL
"Lã algodão 8 - Azul","Lã algodão 8 - Verde Claro","Agulha de Crochê 4,0 mm",NULL
"Lã algodão 4 - Vermelho Escuro","Botas de Natal",NULL,NULL
"Barbante 6 - Roxo Claro","Mini Gorros de Papai Noel",NULL,NULL
"Barbante 8 - Vermelho Claro","Barbante 8 - Amarelo Claro","Agulha de Crochê 4,0 mm",NULL
"Barbante Natural 4 - Amarelo Claro","Lã Amigurumi  Pelúcia - Vermelho Claro","Botas de Natal",NULL
"Olhos de Cachorro de Pelúcia 12mm",NULL,NULL,NULL
"Lã Amigurumi Soft - Roxo","Lã Amigurumi  Pelúcia - Roxo",NULL,NULL
"Barbante 8 - Vermelho Escuro","Agulha de Crochê 4,0 mm",NULL,NULL
"Boca de Sorriso 15mm",NULL,NULL,NULL
"Botão Pequeno Laranja","Botão Pequeno Prateado",NULL,NULL
"Lã Amigurumi  Pelúcia - Laranja Escuro","Óculos de Sol",NULL,NULL
"Barbante 4 - Laranja","Mini Árvores de Natal",NULL,NULL
"Bolinhas decorativas","Botas de Natal",NULL,NULL
"Lã algodão 8 - Preto","Lã algodão 8 - Cinza Escuro","Agulha de Crochê 4,0 mm",NULL
"Lã Amigurumi  Pelúcia - Verde Escuro","Lã Amigurumi  Pelúcia - Laranja","Focinho de Gato 8mm",NULL
"Lã Amigurumi  Pelúcia - Marrom","Focinho de Cachorro 12mm","Chapéu de Inverno",NULL
"Barbante 8 - Verde Escuro","Mini Árvores de Natal",NULL,NULL
"Barbante 4 - Roxo Escuro","Barbante Natural 2 - Azul",NULL,NULL
"Lã algodão 4 - Cinza","Agulha de Crochê 4,0 mm",NULL,NULL
"Lã algodão 8 - Laranja","Agulha de Crochê 4,0 mm",NULL,NULL
"Lã Amigurumi  Pelúcia - Amarelo","Lã Amigurumi  Pelúcia - Laranja Escuro","Focinho de Cachorro 10mm","Óculos de Esportes"
"Lã algodão 8 - Vermelho Escuro","Agulha de Crochê 4,0 mm",NULL,NULL
"Lã Amigurumi Soft - Branco","Chapéu de Páscoa",NULL,NULL
"Barbante 4 - Vermelho Escuro","Lã algodão 8 - Preto","Agulha de Crochê 4,0 mm",NULL
"Barbante 6 - Marrom","Lã algodão 8 - Rosa","Bolinhas decorativas",NULL
"Barbante Natural 6 - Laranja Claro","Pequenas Caixas de Presente",NULL,NULL
"Lã algodão 4 - Amarelo Claro","Agulha de Crochê 4,0 mm",NULL,NULL
"Lã algodão 4 - Azul","Agulha de Crochê 4,0 mm",NULL,NULL
"Lã algodão 8 - Rosa Escuro","Agulha de Crochê 4,0 mm",NULL,NULL
"Lã Amigurumi Soft - Verde Escuro","Lã Amigurumi  Pelúcia - Marrom","Chapéu de Inverno",NULL
"Lã algodão 8 - Vermelho","Lã Amigurumi  Brilho - Marrom","Pequenas Caixas de Presente",NULL
"Lã Amigurumi Soft - Vermelho Claro",NULL,NULL,NULL
"Lã Amigurumi Soft - Rosa Claro","Lã Amigurumi  Pelúcia - Verde Claro","Boca de Boneca 15mm",NULL
"Chapéu de Cowboy",NULL,NULL,NULL
"Lã Amigurumi Soft - Vermelho Claro","Lã Amigurumi Soft - Amarelo Claro","Óculos de Mergulho","Chapéu de Cowboy"
"Barbante 4 - Laranja","Lã algodão 8 - Verde Escuro","Agulha de Crochê 4,0 mm",NULL
"Lã Amigurumi  Brilho - Azul Claro","Lã Amigurumi  Pelúcia - Azul Escuro","Pequenas Caixas de Presente",NULL
"Lã Amigurumi Soft - Verde Escuro","Boca de Sorriso 20mm",NULL,NULL
"Lã algodão 4 - Azul","Lã algodão 8 - Verde Escuro","Agulha de Crochê 4,0 mm",NULL
"Lã Amigurumi  Pelúcia - Preto","Olhos de Cachorro de Pelúcia 12mm","Óculos de Leitura",NULL
"Barbante 8 - Laranja","Lã algodão 8 - Branco",NULL,NULL
"Lã algodão 4 - Amarelo","Lã algodão 4 - Azul Escuro","Pequenas Caixas de Presente",NULL
"Lã Amigurumi Soft - Laranja","Lã Amigurumi  Pelúcia - Verde Escuro","Guirlandas",NULL
"Lã Amigurumi Soft - Vermelho Claro","Lã Amigurumi  Pelúcia - Azul","Boca de Cachorro 12mm",NULL
"Lã algodão 4 - Azul Escuro","Lã algodão 4 - Rosa Escuro","Agulha de Crochê 4,0 mm",NULL
"Bolinhas decorativas","Botas de Natal",NULL,NULL
"Lã algodão 8 - Azul Escuro","Guirlandas",NULL,NULL
"Lã algodão 8 - Vermelho Escuro","Agulha de Crochê 4,0 mm",NULL,NULL
"Barbante 8 - Azul Escuro",NULL,NULL,NULL
"Botão Pequeno Laranja","Focinho de Porco 20mm",NULL,NULL
"Barbante 4 - Verde Escuro","Barbante 4 - Branco","Agulha de Crochê 4,0 mm",NULL
"Lã Amigurumi Soft - Laranja Claro","Focinho de Porco 20mm",NULL,NULL
"Barbante 6 - Roxo Escuro","Guirlandas",NULL,NULL
"Lã Amigurumi Soft - Rosa Claro","Chapéu de Sol",NULL,NULL
"Barbante 4 - Marrom","Barbante Natural 8 - Amarelo Escuro","Bolinhas decorativas",NULL
"Barbante 4 - Verde Escuro","Agulha de Crochê 4,0 mm",NULL,NULL
"Lã algodão 2 - Azul","Mini Gorros de Papai Noel",NULL,NULL
"Lã algodão 4 - Amarelo Claro","Agulha de Crochê 4,0 mm",NULL,NULL
"Laços","Focinho de Gato 8mm",NULL,NULL
"Lã Amigurumi  Pelúcia - Azul","Lã Amigurumi  Pelúcia - Azul Claro","Focinho de Urso 15mm","Focinho de Porco 20mm"
"Barbante 8 - Rosa Escuro","Agulha de Crochê 4,0 mm",NULL,NULL
"Barbante Natural 4 - Preto","Bolinhas decorativas",NULL,NULL
"Barbante 4 - Marrom","Agulha de Crochê 4,0 mm",NULL,NULL
"Barbante 8 - Cinza Escuro","Lã algodão 4 - Verde Claro","Agulha de Crochê 4,0 mm",NULL
"Barbante 6 - Verde Claro","Mini Árvores de Natal",NULL,NULL
"Barbante Natural 4 - Laranja Claro",NULL,NULL,NULL
"Barbante 4 - Vermelho Escuro","Lã algodão 4 - Roxo Escuro","Agulha de Crochê 4,0 mm",NULL
"Barbante 8 - Rosa Claro",NULL,NULL,NULL
"Barbante Natural 4 - Verde Escuro","Botas de Natal",NULL,NULL
"Lã Amigurumi  Pelúcia - Roxo","Óculos de Natação","Óculos de Segurança",NULL
"Barbante 8 - Azul Escuro","Lã algodão 4 - Vermelho Claro","Agulha de Crochê 4,0 mm",NULL
"Lã algodão 2 - Branco","Lã Amigurumi Soft - Rosa","Botas de Natal",NULL
"Lã algodão 2 - Marrom","Botas de Natal",NULL,NULL
"Lã Amigurumi Soft - Azul","Lã Amigurumi Soft - Azul Claro","Chapéu de Cowboy",NULL
"Barbante 8 - Amarelo Escuro","Lã algodão 8 - Rosa Escuro","Agulha de Crochê 4,0 mm",NULL
"Barbante Natural 8 - Azul Claro","Lã Amigurumi  Pelúcia - Azul Escuro","Mini Árvores de Natal",NULL
"Lã Amigurumi  Brilho - Vermelho","Guirlandas",NULL,NULL
"Agulha de Crochê Tunisiano 2,0 mm",NULL,NULL,NULL
"Lã Amigurumi Soft - Laranja Escuro","Lã Amigurumi  Pelúcia - Branco","Chapéu de Páscoa",NULL
"Barbante Natural 2 - Vermelho","Lã Amigurumi  Brilho - Verde","Bolinhas decorativas",NULL
"Lã algodão 4 - Vermelho","Lã algodão 4 - Rosa","Agulha de Crochê 4,0 mm",NULL
"Guirlandas","Botas de Natal",NULL,NULL
"Lã Amigurumi Soft - Vermelho Escuro","Lã Amigurumi  Pelúcia - Rosa",NULL,NULL
"Barbante 4 - Marrom","Agulha de Crochê 4,0 mm",NULL,NULL
"Barbante 8 - Vermelho Claro","Lã algodão 8 - Cinza Escuro","Agulha de Crochê 4,0 mm",NULL
"Lã algodão 4 - Amarelo Escuro",NULL,NULL,NULL
"Barbante 8 - Roxo Claro","Agulha de Crochê 4,0 mm",NULL,NULL
"Lã algodão 2 - Azul","Lã Amigurumi Soft - Roxo","Guirlandas",NULL
"Lã algodão 8 - Azul Escuro","Agulha de Crochê 4,0 mm",NULL,NULL
"Chapéu de Cowboy","Chapéu de Páscoa",NULL,NULL
"Bolinhas decorativas","Botas de Natal",NULL,NULL
"Agulha de Crochê 2,5 mm",NULL,NULL,NULL
"Lã algodão 8 - Verde","Lã algodão 8 - Laranja","Agulha de Crochê 4,0 mm",NULL
"Barbante 8 - Verde Escuro","Agulha de Crochê 4,0 mm",NULL,NULL
"Lã Amigurumi Soft - Azul Escuro","Lã Amigurumi Soft - Laranja Escuro",NULL,NULL
"Lã algodão 8 - Amarelo Escuro","Agulha de Crochê 4,0 mm",NULL,NULL
"Lã Amigurumi Soft - Laranja Claro","Óculos de Esportes",NULL,NULL
"Barbante 8 - Amarelo Claro","Lã algodão 8 - Azul Escuro","Agulha de Crochê 4,0 mm",NULL
"Agulha de Crochê Tunisiano 2,0 mm","Agulha de Crochê Tunisiano 3,5 mm",NULL,NULL
"Lã algodão 8 - Laranja Escuro","Lã algodão 8 - Cinza","Agulha de Crochê 4,0 mm",NULL
"Lã algodão 4 - Azul","Botas de Natal",NULL,NULL
"Barbante 8 - Verde Claro","Lã algodão 4 - Laranja","Agulha de Crochê 4,0 mm",NULL
"Lã Amigurumi Soft - Preto","Boca de Boneca 15mm",NULL,NULL
"Lã algodão 8 - Vermelho","Mini Árvores de Natal",NULL,NULL
"Lã Amigurumi Soft - Branco","Lã Amigurumi  Pelúcia - Laranja Claro","Olhos de Gato de Plástico 6mm","Boca de Gato 10mm"
"Agulha de Crochê Tunisiano 3,5 mm",NULL,NULL,NULL
"Lã algodão 8 - Azul Claro","Lã Amigurumi Soft - Rosa","Mini Gorros de Papai Noel",NULL
"Lã Amigurumi Soft - Vermelho","Lã Amigurumi  Pelúcia - Verde","Óculos de Natação",NULL
"Mini Árvores de Natal",NULL,NULL,NULL
"Lã Amigurumi  Pelúcia - Roxo Claro","Botas de Natal",NULL,NULL
"Lã Amigurumi  Pelúcia - Laranja Escuro","Lã Amigurumi  Pelúcia - Cinza","Olhos de Cachorro de Botão 6mm","Focinho de Urso 15mm"
"Lã Amigurumi Soft - Laranja Claro","Olhos de Gato de Plástico 8mm","Chapéu de Sol",NULL
"Barbante 8 - Verde Claro","Barbante Natural 6 - Rosa Escuro","Botas de Natal",NULL
"Lã algodão 2 - Laranja","Lã algodão 8 - Verde","Bolinhas decorativas",NULL
"Lã algodão 4 - Vermelho","Agulha de Crochê 4,0 mm",NULL,NULL
"Barbante 8 - Marrom","Agulha de Crochê 4,0 mm",NULL,NULL
"Lã Amigurumi  Brilho - Laranja Escuro","Lã Amigurumi  Pelúcia - Cinza Escuro","Bolinhas decorativas",NULL
"Lã Amigurumi Soft - Rosa Claro","Óculos de Leitura",NULL,NULL
"Lã algodão 4 - Preto","Agulha de Crochê 4,0 mm",NULL,NULL
"Agulha de Crochê Tunisiano 10,0 mm",NULL,NULL,NULL
"Botão Pequeno Preto","Botão Pequeno Pastel",NULL,NULL
"Barbante 8 - Roxo Claro","Agulha de Crochê 4,0 mm",NULL,NULL
"Lã algodão 8 - Vermelho Escuro","Lã algodão 8 - Preto","Agulha de Crochê 4,0 mm",NULL
"Barbante 8 - Cinza Claro","Mini Árvores de Natal",NULL,NULL
"Barbante 4 - Roxo Claro","Mini Árvores de Natal",NULL,NULL
"Barbante 4 - Cinza Claro","Lã algodão 2 - Roxo Claro","Mini Gorros de Papai Noel",NULL
"Barbante 8 - Roxo Claro","Agulha de Crochê 4,0 mm",NULL,NULL
"Lã algodão 2 - Verde Claro","Pequenas Caixas de Presente",NULL,NULL
"Lã algodão 6 - Cinza Claro","Lã algodão 6 - Rosa","Mini Árvores de Natal",NULL
"Lã Amigurumi Soft - Laranja","Lã Amigurumi  Pelúcia - Roxo Claro",NULL,NULL
"Lã algodão 4 - Laranja Escuro","Agulha de Crochê 4,0 mm",NULL,NULL
"Mini Árvores de Natal",NULL,NULL,NULL
"Barbante 6 - Branco","Lã algodão 8 - Vermelho","Mini Árvores de Natal",NULL
"Lã Amigurumi Soft - Rosa Claro","Lã Amigurumi  Pelúcia - Vermelho","Óculos de Esportes",NULL
"Barbante 4 - Cinza Claro","Barbante 8 - Roxo Claro","Agulha de Crochê 4,0 mm",NULL
"Lã Amigurumi  Pelúcia - Amarelo Escuro","Óculos de Natação",NULL,NULL
"Olhos de Gato de Plástico 6mm","Óculos de Esportes",NULL,NULL
"Barbante Natural 4 - Cinza Escuro","Mini Gorros de Papai Noel",NULL,NULL
"Lã Amigurumi Soft - Rosa Claro","Óculos de Natação","Chapéu de Palha",NULL
"Lã Amigurumi Soft - Preto","Focinho de Cachorro 10mm",NULL,NULL
"Lã algodão 4 - Laranja","Lã algodão 4 - Roxo","Pequenas Caixas de Presente",NULL
"Lã Amigurumi Soft - Roxo Claro","Lã Amigurumi  Pelúcia - Verde","Olhos de Cachorro de Pelúcia 12mm","Olhos de Gato de Plástico 6mm"
"Lã algodão 4 - Vermelho","Lã algodão 8 - Roxo Escuro",NULL,NULL
"Barbante Natural 6 - Preto","Barbante Natural 6 - Rosa Escuro",NULL,NULL
"Lã Amigurumi Soft - Vermelho Escuro","Lã Amigurumi Soft - Azul Claro","Olhos de Cachorro de Botão 6mm","Boca de Boneca 15mm"
"Lã Amigurumi  Pelúcia - Vermelho Escuro","Lã Amigurumi  Pelúcia - Roxo","Chapéu de Palha",NULL
"Barbante 8 - Azul Claro","Lã algodão 4 - Azul Claro","Agulha de Crochê 4,0 mm",NULL
"Lã Amigurumi Soft - Azul Escuro","Lã Amigurumi Soft - Rosa Claro","Focinho de Porco 18mm","Chapéu de Palha"
"Barbante 4 - Cinza Claro","Agulha de Crochê 4,0 mm",NULL,NULL
"Barbante 4 - Laranja","Lã algodão 4 - Vermelho Escuro","Agulha de Crochê 4,0 mm",NULL
"Lã algodão 4 - Azul Claro","Lã algodão 8 - Cinza Claro","Agulha de Crochê 4,0 mm",NULL
"Barbante Natural 8 - Branco","Lã algodão 8 - Amarelo Claro","Mini Árvores de Natal",NULL
"Barbante 8 - Verde Escuro","Lã algodão 4 - Azul Claro","Agulha de Crochê 4,0 mm",NULL
"Lã Amigurumi  Pelúcia - Azul","Lã Amigurumi  Pelúcia - Verde","Chapéu de Palha",NULL
"Barbante 4 - Azul Escuro","Agulha de Crochê 4,0 mm",NULL,NULL
"Lã Amigurumi Soft - Branco","Boca de Sorriso 15mm","Óculos de Sol",NULL
"Lã Amigurumi  Pelúcia - Cinza Escuro","Lã Amigurumi  Pelúcia - Marrom",NULL,NULL
"Barbante 2 - Cinza Escuro","Lã algodão 4 - Roxo Escuro","Guirlandas",NULL
"Barbante 8 - Rosa Escuro","Agulha de Crochê 4,0 mm",NULL,NULL
"Lã Amigurumi Soft - Vermelho Claro","Lã Amigurumi  Pelúcia - Verde","Chapéu de Cowboy",NULL
"Lã Amigurumi  Brilho - Verde Escuro","Bolinhas decorativas",NULL,NULL
"Barbante 4 - Azul Escuro","Agulha de Crochê 4,0 mm",NULL,NULL
"Barbante 4 - Verde Escuro","Agulha de Crochê 4,0 mm",NULL,NULL
"Barbante 6 - Roxo Escuro","Lã Amigurumi  Pelúcia - Preto","Mini Gorros de Papai Noel",NULL
"Barbante 4 - Laranja","Barbante 4 - Rosa Claro","Agulha de Crochê 4,0 mm",NULL
"Lã algodão 4 - Marrom","Pequenas Caixas de Presente",NULL,NULL
"Barbante 8 - Amarelo Escuro","Barbante 8 - Azul Claro","Mini Árvores de Natal",NULL
"Lã Amigurumi Soft - Amarelo","Lã Amigurumi Soft - Roxo","Focinho de Gato 10mm","Boca de Sorriso 15mm"
"Lã algodão 8 - Amarelo Claro","Agulha de Crochê 4,0 mm",NULL,NULL
"Lã Amigurumi Soft - Branco","Lã Amigurumi  Pelúcia - Cinza Escuro","Focinho de Gato 10mm",NULL
"Óculos de Esportes","Chapéu de Festa",NULL,NULL
"Barbante Natural 2 - Cru","Barbante 4 - Verde Escuro",NULL,NULL
"Marcador de pontos","Boca de Sorriso 20mm",NULL,NULL
"Lã Amigurumi Soft - Vermelho Escuro","Lã Amigurumi Soft - Roxo Claro","Boca de Cachorro 12mm",NULL
"Barbante 4 - Vermelho Escuro","Lã algodão 8 - Amarelo Escuro","Agulha de Crochê 4,0 mm",NULL
"Lã Amigurumi  Brilho - Azul Claro",NULL,NULL,NULL
"Barbante 4 - Preto","Barbante 8 - Cinza Escuro","Agulha de Crochê 4,0 mm",NULL
"Barbante 8 - Verde Escuro","Lã algodão 4 - Marrom","Agulha de Crochê 4,0 mm",NULL
"Barbante 6 - Preto","Barbante Natural 8 - Laranja","Pequenas Caixas de Presente",NULL
"Lã algodão 4 - Branco","Lã Amigurumi  - Verde Escuro",NULL,NULL
"Lã Amigurumi Soft - Verde Claro","Lã Amigurumi  Pelúcia - Roxo","Olhos de Gato de Plástico 6mm","Óculos de Segurança"
"Lã algodão 6 - Verde Claro","Lã algodão 6 - Roxo Claro","Guirlandas",NULL
"Lã Amigurumi  Pelúcia - Rosa Claro","Boca de Boneca 15mm","Chapéu de Cowboy",NULL
"Lã Amigurumi Soft - Vermelho Escuro","Lã Amigurumi  Pelúcia - Roxo Escuro","Olhos de Cachorro de Pelúcia 12mm","Chapéu de Sol"
"Lã Amigurumi  Pelúcia - Azul Escuro","Chapéu de Palha","Chapéu de Páscoa",NULL
"Lã algodão 8 - Verde Escuro","Lã Amigurumi  - Amarelo","Guirlandas",NULL
"Boca de Boneca 15mm",NULL,NULL,NULL
"Barbante 8 - Vermelho Claro","Barbante Natural 6 - Roxo Escuro","Guirlandas",NULL
"Lã algodão 8 - Verde Escuro",NULL,NULL,NULL
"Bolinhas decorativas",NULL,NULL,NULL
"Lã Amigurumi  Pelúcia - Verde Escuro","Lã Amigurumi  Pelúcia - Marrom","Chapéu de Festa",NULL
"Barbante 8 - Azul Claro","Lã algodão 8 - Rosa Claro","Agulha de Crochê 4,0 mm",NULL
"Lã Amigurumi  Pelúcia - Azul Claro","Lã Amigurumi  Pelúcia - Verde Claro","Focinho de Cachorro 10mm",NULL
"Lã Amigurumi  Pelúcia - Roxo Escuro","Olhos de Gato de Plástico 6mm","Boca de Gato 10mm",NULL
"Lã Amigurumi  Pelúcia - Laranja Escuro","Olhos de Gato de Plástico 8mm","Boca de Cachorro 12mm",NULL
"Lã Amigurumi Soft - Roxo Escuro","Lã Amigurumi Soft - Rosa","Focinho de Cachorro 12mm","Boca de Cachorro 12mm"
"Lã Amigurumi  Pelúcia - Cinza Escuro","Botas de Natal",NULL,NULL
"Barbante 8 - Branco","Lã algodão 8 - Laranja Escuro","Agulha de Crochê 4,0 mm",NULL
"Lã Amigurumi Soft - Azul Claro","Lã Amigurumi  Pelúcia - Laranja Escuro","Olhos de Cachorro de Botão 8mm",NULL
"Lã Amigurumi Soft - Cinza","Lã Amigurumi  Pelúcia - Verde","Olhos de Cachorro de Botão 6mm","Chapéu de Festa"
"Lã Amigurumi Soft - Laranja","Lã Amigurumi Soft - Preto","Olhos de Cachorro de Botão 6mm","Chapéu de Páscoa"
"Barbante 8 - Vermelho Claro","Agulha de Crochê 4,0 mm",NULL,NULL
"Lã Amigurumi Soft - Verde Escuro","Lã Amigurumi Soft - Rosa Escuro","Óculos de Mergulho",NULL
"Lã Amigurumi Soft - Amarelo","Olhos de Cachorro de Pelúcia 12mm","Boca de Cachorro 12mm",NULL
"Lã algodão 8 - Laranja Escuro","Lã algodão 8 - Rosa Claro","Agulha de Crochê 4,0 mm",NULL
"Lã Amigurumi  Pelúcia - Amarelo Claro","Botas de Natal",NULL,NULL
"Lã algodão 6 - Rosa Claro","Mini Gorros de Papai Noel",NULL,NULL
"Lã Amigurumi  Pelúcia - Rosa Escuro","Pequenas Caixas de Presente",NULL,NULL
"Barbante 8 - Vermelho Claro","Lã algodão 4 - Rosa Escuro","Agulha de Crochê 4,0 mm",NULL
"Lã Amigurumi  - Cinza",NULL,NULL,NULL
"Lã Amigurumi  Pelúcia - Vermelho Escuro","Focinho de Porco 18mm","Óculos de Leitura",NULL
"Boca de Sorriso 20mm",NULL,NULL,NULL
"Barbante Natural 6 - Cinza Escuro","Lã algodão 6 - Verde Claro","Mini Gorros de Papai Noel",NULL
"Lã Amigurumi Soft - Rosa Claro","Olhos de Gato de Plástico 6mm","Chapéu de Inverno",NULL
"Lã Amigurumi Soft - Azul Escuro","Lã Amigurumi Soft - Cinza Escuro","Óculos de Sol",NULL
"Bolinhas decorativas","Pequenas Caixas de Presente",NULL,NULL
"Barbante 2 - Vermelho Claro","Lã algodão 8 - Vermelho Claro","Guirlandas",NULL
"Lã Amigurumi  Brilho - Vermelho Claro","Bolinhas decorativas",NULL,NULL
"Lã Amigurumi  Brilho - Amarelo",NULL,NULL,NULL
"Lã algodão 4 - Laranja","Lã algodão 8 - Preto","Agulha de Crochê 4,0 mm",NULL
"Barbante 4 - Verde Escuro","Pequenas Caixas de Presente",NULL,NULL
"Lã algodão 4 - Verde Escuro","Lã algodão 8 - Branco","Agulha de Crochê 4,0 mm",NULL
"Lã Amigurumi Soft - Preto","Lã Amigurumi Soft - Cinza","Olhos de Cachorro de Pelúcia 10mm","Chapéu de Inverno"
"Lã Amigurumi  Pelúcia - Vermelho Escuro","Lã Amigurumi  Pelúcia - Laranja Escuro",NULL,NULL
"Lã Amigurumi  Pelúcia - Laranja",NULL,NULL,NULL
"Barbante 2 - Vermelho Escuro","Barbante Natural 4 - Marrom",NULL,NULL
"Barbante 4 - Preto","Barbante 6 - Branco","Bolinhas decorativas",NULL
"Barbante 8 - Laranja","Lã Amigurumi  Pelúcia - Amarelo Claro","Guirlandas",NULL
"Lã Amigurumi  Pelúcia - Azul Escuro","Lã Amigurumi  Pelúcia - Laranja","Óculos de Sol","Óculos de Natação"
"Agulha de Crochê 9,0 mm","Agulha de Crochê Tunisiano 2,0 mm",NULL,NULL
"Barbante 4 - Branco","Barbante 8 - Azul Claro","Agulha de Crochê 4,0 mm",NULL
"Lã Amigurumi  Pelúcia - Marrom","Olhos de Gato de Plástico 6mm","Óculos de Esportes",NULL
"Chapéu de Páscoa",NULL,NULL,NULL
"Lã Amigurumi Soft - Preto","Lã Amigurumi  Pelúcia - Vermelho Escuro","Boca de Sorriso 15mm",NULL
"Lã algodão 8 - Azul Claro","Agulha de Crochê 4,0 mm",NULL,NULL
"Lã Amigurumi Soft - Azul","Lã Amigurumi Soft - Laranja Escuro","Focinho de Porco 18mm","Óculos de Esportes"
"Barbante 8 - Roxo Escuro","Lã algodão 8 - Roxo","Agulha de Crochê 4,0 mm",NULL
"Lã Amigurumi Soft - Cinza Claro","Boca de Boneca 12mm",NULL,NULL
"Lã Amigurumi Soft - Azul","Lã Amigurumi  Pelúcia - Rosa","Focinho de Cachorro 12mm",NULL
"Botão Pequeno Azul",NULL,NULL,NULL
"Lã Amigurumi Soft - Verde","Lã Amigurumi  Pelúcia - Azul Escuro","Olhos de Gato de Plástico 8mm",NULL
"Barbante 2 - Rosa Claro","Barbante Natural 8 - Amarelo Escuro","Mini Árvores de Natal",NULL
"Lã Amigurumi Soft - Rosa","Lã Amigurumi  Pelúcia - Preto","Olhos de Cachorro de Pelúcia 12mm","Focinho de Porco 18mm"
"Lã algodão 4 - Azul Claro","Agulha de Crochê 4,0 mm",NULL,NULL
"Lã Amigurumi  Pelúcia - Amarelo Escuro","Chapéu de Inverno",NULL,NULL
"Botão Pequeno Gradiente",NULL,NULL,NULL
"Lã Amigurumi Soft - Cinza Claro","Lã Amigurumi  Pelúcia - Azul Claro","Boca de Sorriso 15mm",NULL
"Botão Pequeno Prateado",NULL,NULL,NULL
"Barbante 4 - Verde Escuro","Barbante 6 - Cinza Claro","Guirlandas",NULL
"Barbante Natural 8 - Verde Claro","Lã algodão 4 - Azul Escuro","Mini Árvores de Natal",NULL
"Lã Amigurumi  Pelúcia - Rosa","Olhos de Cachorro de Botão 6mm","Chapéu de Inverno",NULL
"Botão Pequeno Laranja","Botão Pequeno Pastel",NULL,NULL
"Barbante 4 - Laranja","Lã algodão 8 - Rosa Claro","Agulha de Crochê 4,0 mm",NULL
"Botão Pequeno Marrom",NULL,NULL,NULL
"Lã Amigurumi Soft - Marrom","Mini Gorros de Papai Noel",NULL,NULL
"Lã algodão 4 - Preto","Agulha de Crochê 4,0 mm",NULL,NULL
"Lã algodão 8 - Rosa Claro","Guirlandas",NULL,NULL
"Lã algodão 8 - Laranja Escuro","Agulha de Crochê 4,0 mm",NULL,NULL
"Lã Amigurumi  Pelúcia - Azul","Óculos de Sol","Óculos de Segurança",NULL
"Lã Amigurumi Soft - Roxo Claro","Óculos de Leitura","Óculos de Mergulho",NULL
"Lã Amigurumi Soft - Verde Claro","Lã Amigurumi  Pelúcia - Rosa Escuro",NULL,NULL
"Lã Amigurumi  - Cinza",NULL,NULL,NULL
"Lã Amigurumi Soft - Amarelo Escuro","Óculos de Natação",NULL,NULL
"Barbante Natural 2 - Laranja Escuro","Pequenas Caixas de Presente",NULL,NULL
"Lã Amigurumi Soft - Laranja","Boca de Cachorro 12mm","Chapéu de Páscoa",NULL
"Lã Amigurumi Soft - Amarelo","Lã Amigurumi Soft - Roxo","Olhos de Cachorro de Botão 8mm","Óculos de Mergulho"
"Barbante 4 - Rosa Escuro","Agulha de Crochê 4,0 mm",NULL,NULL
"Agulha de Crochê 3,5 mm",NULL,NULL,NULL
"Lã Amigurumi Soft - Cinza","Lã Amigurumi  Pelúcia - Azul",NULL,NULL
"Lã Amigurumi  Pelúcia - Amarelo Claro","Focinho de Porco 20mm","Óculos de Leitura",NULL
"Lã Amigurumi  Pelúcia - Verde Claro","Olhos de Cachorro de Pelúcia 12mm",NULL,NULL
"Lã Amigurumi Soft - Azul","Lã Amigurumi Soft - Roxo Escuro","Olhos de Cachorro de Botão 8mm","Focinho de Urso 15mm"
"Lã Amigurumi  Pelúcia - Vermelho Escuro","Lã Amigurumi  Pelúcia - Amarelo Claro","Olhos de Cachorro de Pelúcia 12mm","Óculos de Esportes"
"Lã Amigurumi Soft - Vermelho","Botas de Natal",NULL,NULL
"Barbante 6 - Amarelo Escuro","Botas de Natal",NULL,NULL
"Lã Amigurumi Soft - Amarelo Claro","Lã Amigurumi Soft - Azul Escuro","Focinho de Porco 20mm","Óculos de Sol"
"Lã Amigurumi Soft - Preto","Olhos de Gato de Plástico 8mm","Boca de Gato 10mm",NULL
"Olhos de Cachorro de Botão 6mm","Óculos de Leitura",NULL,NULL
"Agulha de Crochê Tunisiano 6,0 mm",NULL,NULL,NULL
"Lã Amigurumi  Pelúcia - Cinza Escuro","Focinho de Cachorro 12mm",NULL,NULL
"Lã Amigurumi Soft - Marrom","Mini Árvores de Natal",NULL,NULL
"Lã Amigurumi  - Roxo Escuro","Pequenas Caixas de Presente",NULL,NULL
"Lã Amigurumi Soft - Laranja Escuro","Lã Amigurumi  Pelúcia - Vermelho","Focinho de Cachorro 12mm","Óculos de Mergulho"
"Lã Amigurumi Soft - Roxo","Lã Amigurumi  Pelúcia - Laranja Escuro","Olhos de Cachorro de Pelúcia 12mm","Focinho de Cachorro 12mm"
"Lã Amigurumi Soft - Amarelo Claro","Chapéu de Sol",NULL,NULL
"Lã algodão 8 - Rosa Claro","Agulha de Crochê 4,0 mm",NULL,NULL
"Lã algodão 6 - Rosa","Pequenas Caixas de Presente",NULL,NULL
"Lã Amigurumi Soft - Vermelho Claro","Lã Amigurumi Soft - Amarelo","Boca de Sorriso 15mm",NULL
"Lã Amigurumi  Pelúcia - Cinza Claro","Olhos de Gato de Plástico 8mm",NULL,NULL
"Lã Amigurumi Soft - Laranja Claro","Olhos de Gato de Plástico 6mm","Focinho de Cachorro 12mm",NULL
"Lã Amigurumi Soft - Verde Escuro","Lã Amigurumi  Pelúcia - Vermelho Claro","Chapéu de Sol",NULL
"Lã Amigurumi Soft - Preto","Lã Amigurumi  Pelúcia - Rosa Claro","Boca de Gato 10mm",NULL
"Lã algodão 4 - Rosa Claro","Lã algodão 8 - Vermelho Claro","Agulha de Crochê 4,0 mm",NULL
"Lã Amigurumi  Pelúcia - Roxo Claro","Focinho de Porco 20mm",NULL,NULL
"Lã Amigurumi Soft - Vermelho","Focinho de Cachorro 10mm","Chapéu de Inverno",NULL
"Lã Amigurumi Soft - Azul","Lã Amigurumi  Pelúcia - Azul","Focinho de Porco 18mm","Boca de Sorriso 20mm"
"Lã algodão 4 - Preto","Agulha de Crochê 4,0 mm",NULL,NULL
"Lã algodão 4 - Laranja Escuro","Lã algodão 8 - Laranja Escuro","Agulha de Crochê 4,0 mm",NULL
"Lã Amigurumi Soft - Preto","Lã Amigurumi  Pelúcia - Rosa Claro","Óculos de Mergulho",NULL
"Barbante 4 - Cinza Escuro","Agulha de Crochê 4,0 mm",NULL,NULL
"Lã Amigurumi Soft - Azul Claro",NULL,NULL,NULL
"Lã algodão 8 - Azul Claro","Agulha de Crochê 4,0 mm",NULL,NULL
"Lã Amigurumi Soft - Azul Escuro","Boca de Boneca 15mm","Chapéu de Inverno",NULL
"Lã Amigurumi Soft - Roxo Claro","Focinho de Porco 20mm",NULL,NULL
"Lã algodão 8 - Vermelho Claro","Agulha de Crochê 4,0 mm",NULL,NULL
"Lã algodão 2 - Vermelho","Lã algodão 4 - Roxo","Mini Gorros de Papai Noel",NULL
"Barbante 4 - Verde Escuro","Agulha de Crochê 4,0 mm",NULL,NULL
"Lã Amigurumi Soft - Rosa Claro","Lã Amigurumi  Pelúcia - Preto","Olhos de Gato de Plástico 6mm",NULL
"Fivelas para cintos","Óculos de Leitura",NULL,NULL
"Lã Amigurumi  Pelúcia - Cinza Claro","Focinho de Gato 10mm","Boca de Sorriso 20mm",NULL
"Barbante 4 - Verde Escuro","Lã algodão 8 - Azul Claro","Agulha de Crochê 4,0 mm",NULL
"Agulha de Crochê 4,5 mm","Agulha de Crochê 5,5 mm",NULL,NULL
"Lã algodão 4 - Branco","Lã algodão 4 - Marrom","Agulha de Crochê 4,0 mm",NULL
"Lã Amigurumi Soft - Laranja Escuro","Lã Amigurumi  Pelúcia - Azul Escuro","Focinho de Cachorro 10mm",NULL
"Lã Amigurumi  Pelúcia - Laranja","Olhos de Gato de Plástico 6mm",NULL,NULL
"Barbante 8 - Cinza Escuro","Mini Árvores de Natal",NULL,NULL
"Lã algodão 4 - Laranja Claro","Lã algodão 8 - Azul","Agulha de Crochê 4,0 mm",NULL
"Barbante 4 - Azul Claro","Barbante 8 - Amarelo Claro","Agulha de Crochê 4,0 mm",NULL
"Lã algodão 6 - Rosa Escuro","Lã Amigurumi  - Branco","Botas de Natal",NULL
"Lã Amigurumi  Pelúcia - Roxo Claro","Boca de Sorriso 15mm","Chapéu de Cowboy",NULL
"Lã algodão 4 - Rosa Claro","Mini Árvores de Natal",NULL,NULL
"Barbante 4 - Amarelo Claro","Agulha de Crochê 4,0 mm",NULL,NULL
"Lã algodão 4 - Vermelho Escuro","Lã algodão 8 - Amarelo","Agulha de Crochê 4,0 mm",NULL
"Barbante 8 - Cinza Escuro","Agulha de Crochê 4,0 mm",NULL,NULL
"Barbante 8 - Preto","Agulha de Crochê 4,0 mm",NULL,NULL
"Lã Amigurumi Soft - Azul Claro","Boca de Sorriso 15mm","Óculos de Esportes",NULL
"Botão Pequeno Rosa",NULL,NULL,NULL
"Barbante Natural 4 - Roxo Claro","Lã Amigurumi  - Marrom","Mini Gorros de Papai Noel",NULL
"Barbante 4 - Cinza Escuro","Lã algodão 8 - Roxo","Agulha de Crochê 4,0 mm",NULL
"Barbante 4 - Laranja","Barbante Natural 2 - Azul Claro","Mini Árvores de Natal",NULL
"Lã Amigurumi  Pelúcia - Verde","Focinho de Gato 8mm",NULL,NULL
"Lã algodão 8 - Vermelho","Agulha de Crochê 4,0 mm",NULL,NULL
"Boca de Boneca 12mm",NULL,NULL,NULL
"Botão Pequeno Iridescente",NULL,NULL,NULL
"Botão Pequeno Laranja","Boca de Sorriso 20mm",NULL,NULL
"Barbante 4 - Vermelho Claro","Lã algodão 8 - Laranja Escuro","Agulha de Crochê 4,0 mm",NULL
"Lã Amigurumi  Pelúcia - Azul Escuro",NULL,NULL,NULL
"Barbante 8 - Vermelho Escuro","Barbante 8 - Rosa Escuro","Agulha de Crochê 4,0 mm",NULL
"Barbante 8 - Vermelho Escuro","Agulha de Crochê 4,0 mm",NULL,NULL
"Botão Pequeno Vermelho","Botão Pequeno Tons Naturais",NULL,NULL
"Barbante 4 - Verde Claro","Barbante 8 - Vermelho Escuro","Agulha de Crochê 4,0 mm",NULL
"Lã algodão 4 - Vermelho Escuro","Lã algodão 4 - Azul","Agulha de Crochê 4,0 mm",NULL
"Barbante 8 - Vermelho Claro","Barbante 8 - Roxo Claro","Agulha de Crochê 4,0 mm",NULL
"Barbante Natural 2 - Vermelho Escuro","Bolinhas decorativas",NULL,NULL
"Lã Amigurumi Soft - Laranja Claro","Lã Amigurumi  Pelúcia - Verde Claro","Olhos de Cachorro de Botão 8mm","Chapéu de Palha"
"Barbante 4 - Cinza Claro","Barbante 8 - Marrom","Agulha de Crochê 4,0 mm",NULL
"Barbante 2 - Verde Claro","Lã algodão 4 - Azul Claro","Guirlandas",NULL
"Lã Amigurumi  Pelúcia - Roxo Escuro","Focinho de Urso 15mm","Focinho de Porco 20mm",NULL
"Lã algodão 8 - Vermelho Escuro","Lã algodão 8 - Branco",NULL,NULL
"Barbante 4 - Roxo Escuro","Lã algodão 8 - Verde Escuro","Agulha de Crochê 4,0 mm",NULL
"Lã Amigurumi  Pelúcia - Amarelo Escuro","Lã Amigurumi  Pelúcia - Cinza Claro","Olhos de Gato de Plástico 6mm",NULL
"Barbante 4 - Roxo Escuro","Lã algodão 4 - Cinza Escuro","Guirlandas",NULL
"Lã Amigurumi  Pelúcia - Marrom","Boca de Boneca 15mm",NULL,NULL
"Lã Amigurumi Soft - Azul","Lã Amigurumi  Pelúcia - Verde Claro",NULL,NULL
"Olhos de Cachorro de Botão 8mm","Chapéu de Sol",NULL,NULL
"Barbante 4 - Verde Claro","Agulha de Crochê 4,0 mm",NULL,NULL
"Barbante 2 - Preto","Barbante Natural 6 - Azul Escuro","Mini Árvores de Natal",NULL
"Lã algodão 4 - Amarelo Escuro",NULL,NULL,NULL
"Barbante Natural 4 - Marrom","Pequenas Caixas de Presente",NULL,NULL
"Lã Amigurumi Soft - Roxo Claro","Lã Amigurumi  - Cinza Claro","Mini Árvores de Natal",NULL
"Agulha de Crochê 4,5 mm","Agulha de Crochê Tunisiano 6,5 mm",NULL,NULL
"Lã algodão 8 - Amarelo Claro","Agulha de Crochê 4,0 mm",NULL,NULL
"Lã algodão 4 - Rosa Escuro","Agulha de Crochê 4,0 mm",NULL,NULL
"Barbante 4 - Cinza Escuro","Lã algodão 4 - Verde","Bolinhas decorativas",NULL
"Barbante 8 - Rosa Escuro","Barbante Natural 8 - Cinza Claro","Mini Gorros de Papai Noel",NULL
"Barbante 8 - Cinza Escuro","Agulha de Crochê 4,0 mm",NULL,NULL
"Barbante 4 - Verde Escuro","Barbante 8 - Branco","Agulha de Crochê 4,0 mm",NULL
"Lã algodão 8 - Vermelho","Lã algodão 8 - Laranja","Agulha de Crochê 4,0 mm",NULL
"Lã Amigurumi  Pelúcia - Azul Escuro","Lã Amigurumi  Pelúcia - Marrom","Olhos de Cachorro de Pelúcia 10mm","Óculos de Mergulho"
"Lã Amigurumi  Pelúcia - Amarelo","Focinho de Porco 20mm",NULL,NULL
"Lã Amigurumi Soft - Vermelho Escuro","Focinho de Porco 20mm",NULL,NULL
"Barbante 4 - Verde Escuro","Agulha de Crochê 4,0 mm",NULL,NULL
"Lã Amigurumi Soft - Laranja Escuro","Lã Amigurumi Soft - Roxo Claro","Focinho de Porco 20mm",NULL
"Lã Amigurumi Soft - Vermelho","Lã Amigurumi Soft - Roxo Escuro","Olhos de Cachorro de Botão 8mm","Óculos de Leitura"
"Lã Amigurumi  Pelúcia - Cinza Claro","Boca de Boneca 15mm","Chapéu de Sol",NULL
"Lã algodão 4 - Preto",NULL,NULL,NULL
"Barbante Natural 6 - Cinza Escuro","Barbante Natural 8 - Azul","Mini Árvores de Natal",NULL
"Barbante Natural 6 - Cinza Claro","Mini Gorros de Papai Noel",NULL,NULL
"Lã algodão 8 - Amarelo","Agulha de Crochê 4,0 mm",NULL,NULL
"Lã Amigurumi  Pelúcia - Roxo Escuro","Boca de Boneca 12mm","Chapéu de Cowboy",NULL
"Lã Amigurumi Soft - Amarelo Claro","Lã Amigurumi  Pelúcia - Marrom","Chapéu de Páscoa",NULL
"Lã Amigurumi Soft - Rosa Claro","Olhos de Cachorro de Botão 8mm","Boca de Boneca 12mm",NULL
"Barbante 8 - Verde Escuro","Barbante 8 - Marrom","Agulha de Crochê 4,0 mm",NULL
"Agulha de Crochê 4,0 mm","Agulha de Crochê 9,0 mm",NULL,NULL
"Lã Amigurumi Soft - Marrom","Boca de Sorriso 15mm",NULL,NULL
"Mini Árvores de Natal","Guirlandas",NULL,NULL
"Barbante 4 - Laranja","Barbante 4 - Cinza Claro","Agulha de Crochê 4,0 mm",NULL
"Lã algodão 4 - Verde","Agulha de Crochê 4,0 mm",NULL,NULL
"Barbante Natural 8 - Vermelho Escuro","Bolinhas decorativas",NULL,NULL
"Barbante Natural 8 - Vermelho","Lã Amigurumi Soft - Roxo Claro","Guirlandas",NULL
"Fitas","Óculos de Natação",NULL,NULL
"Pequenas Caixas de Presente",NULL,NULL,NULL
"Lã algodão 4 - Azul Escuro","Agulha de Crochê 4,0 mm",NULL,NULL
"Barbante Natural 4 - Vermelho Claro","Mini Árvores de Natal",NULL,NULL
"Lã algodão 2 - Cinza Escuro","Lã algodão 4 - Laranja Escuro",NULL,NULL
"Lã Amigurumi Soft - Branco","Lã Amigurumi  Pelúcia - Vermelho Claro","Óculos de Sol",NULL
"Barbante 2 - Azul Escuro","Pequenas Caixas de Presente",NULL,NULL
"Barbante Natural 2 - Azul Claro","Lã Amigurumi  Brilho - Roxo Claro","Mini Árvores de Natal",NULL
"Lã Amigurumi Soft - Amarelo Escuro","Lã Amigurumi Soft - Branco","Óculos de Natação",NULL
"Barbante 8 - Rosa Escuro","Lã algodão 8 - Vermelho Claro","Agulha de Crochê 4,0 mm",NULL
"Lã Amigurumi Soft - Vermelho","Olhos de Gato de Plástico 6mm","Chapéu de Cowboy",NULL
"Lã Amigurumi Soft - Cinza","Chapéu de Inverno","Chapéu de Palha",NULL
"Barbante Natural 6 - Verde Claro","Lã algodão 4 - Preto","Botas de Natal",NULL
"Lã Amigurumi Soft - Vermelho","Lã Amigurumi Soft - Laranja","Boca de Cachorro 12mm","Chapéu de Palha"
"Barbante 8 - Roxo Claro","Agulha de Crochê 4,0 mm",NULL,NULL
"Barbante 4 - Cinza Escuro","Lã algodão 4 - Rosa","Agulha de Crochê 4,0 mm",NULL
"Lã Amigurumi  Pelúcia - Roxo Escuro","Mini Árvores de Natal",NULL,NULL
"Botão Pequeno Metálico",NULL,NULL,NULL
"Lã Amigurumi  Pelúcia - Cinza","Focinho de Urso 15mm",NULL,NULL
"Barbante 2 - Roxo Claro","Guirlandas",NULL,NULL
"Lã Amigurumi  Pelúcia - Preto","Lã Amigurumi  Pelúcia - Rosa","Óculos de Esportes","Óculos de Segurança"
"Barbante 8 - Verde Escuro","Lã Amigurumi  Pelúcia - Laranja Escuro","Mini Gorros de Papai Noel",NULL
"Lã algodão 8 - Amarelo","Lã algodão 8 - Marrom","Agulha de Crochê 4,0 mm",NULL
